BILL OF MATERIAL DETAIL - THỐNG KÊ DIỄN GIẢI KHỐI LƯỢNG,,,,,,,,,,,,,,,,,,,,,
    ,PROJECT CODE  - MÃ DỰ ÁN:        ,,BG-1....25,,,,,,,,,,,,,,,,,,
    ,CONTRACTOR - BÊN GIAO THẦU :              ,,CONG TY TNHH MDA E&C,,,,,,,,,,,,,,,,,,
    ,PROJECT NAME - TÊN DỰ ÁN :        ,,NHA MAY SAN XUAT INTERFLEX & KOREA CIRCUIT VINA,,,,,,,,,,,,,,,,,,
    ,ITEM NAME -TÊN HẠNG MỤC:           ,,NHA XE ,,,,,,,,,,,,,,,,,,
    ,SUBCONTRACTOR - NHÀ THẦU :       ,,MINH CUONG STEEL,,,,,,,,,,,,,,,,,,
    ,LOCATION - ĐỊA ĐIỂM:,,XA VINH TUONG - T.PHU THO,,,,,,,,,,,,,,,,,,
,,,,,,,,,,,,,,,,,,,,,
NO,Dự án_ID (Project_ID),Cấu kiện (Assembly_ID),Tên ck (Ass name),Tên chi tiết (Part name),Tiết diện (Profile),Vật liệu (Material),Dày (Thick) (mm),Rộng (Width) (mm),Dài (Length) (mm),SL/1CK (Qty/Ass),SL tổng (QtyTotal),KL CT (Weight 1 Part) (kg),KL/1CK tổ hợp (Weight 1 combination Ass) (kg),KL tổ hợp (Weight combination Total) (kg),KL/1CK (Weight 1 Ass) (kg),KL tổng (Weight Total) (kg),Area 1 Ass -(m2),Area Total (m2),welding machine (mh),hand welding (mh),Note
1,BG-1.....25 - NXE,BG-1.....25 - NXE-AncSet.0        ,ANCHOR BOLT     ,AncSet.0        ,D20,C45     ,,          ,600,       ,102,             ,0,0,7.08,722.16,0.05,18.51,,0,Bu lông
           ,BG-1.....25 - NXE,BG-1.....25 - NXE-M20.1           ,                ,M20.1           ,D20,C45     ,D20,(Kg/m)    ,717,4,408,1.77,,,7.08,722.16,0.05,18.51,,,
2,BG-1.....25 - NXE,BG-1.....25 - NXE-BR2.1           ,BEAM            ,BR2.1           ,L100*6,SS400   ,,          ,1500,       ,3,             ,0,0,16.94,50.82,0.66,2.17,,0,
           ,BG-1.....25 - NXE,BG-1.....25 - NXE-MV100.1         ,                ,MV100.1         ,L100*6,SS400   ,L100*6,(Kg/m)    ,1500,1,3,14.06,,,14.06,42.18,0.59,1.77,,,
           ,BG-1.....25 - NXE,BG-1.....25 - NXE-PL.1            ,                ,PL.1            ,PLT6*90,Q355    ,6,90,180,2,6,0.76,,,1.52,4.56,0.04,0.21,,,
           ,BG-1.....25 - NXE,BG-1.....25 - NXE-PL.2            ,                ,PL.2            ,PLT6*80,Q355    ,6,80,180,2,6,0.68,,,1.36,4.08,0.03,0.19,,,
3,BG-1.....25 - NXE,BG-1.....25 - NXE-BR2.2           ,BEAM            ,BR2.2           ,L100*6,SS400   ,,          ,1500,       ,3,             ,0,0,16.94,50.82,0.66,2.17,,0,
           ,BG-1.....25 - NXE,BG-1.....25 - NXE-MV100.1         ,                ,MV100.1         ,L100*6,SS400   ,L100*6,(Kg/m)    ,1500,1,3,14.06,,,14.06,42.18,0.59,1.77,,,
           ,BG-1.....25 - NXE,BG-1.....25 - NXE-PL.1            ,                ,PL.1            ,PLT6*90,Q355    ,6,90,180,2,6,0.76,,,1.52,4.56,0.04,0.21,,,
           ,BG-1.....25 - NXE,BG-1.....25 - NXE-PL.2            ,                ,PL.2            ,PLT6*80,Q355    ,6,80,180,2,6,0.68,,,1.36,4.08,0.03,0.19,,,
4,BG-1.....25 - NXE,BG-1.....25 - NXE-RT1.1           ,RAFTER          ,RT1.1           ,H300X200X6X8,Q355    ,,          ,10650,       ,1,             ,393.21,393.21,475.46,475.46,15.42,17.28,,32534.4,
           ,BG-1.....25 - NXE,BG-1.....25 - NXE-CP.5            ,                ,CP.5            ,PLT6*200,Q355    ,6,200,200,9,9,1.88,,,16.92,16.92,0.08,0.76,,9360,
           ,BG-1.....25 - NXE,BG-1.....25 - NXE-CP.6            ,                ,CP.6            ,PLT6*80,Q345    ,6,80,120,6,6,0.42,,,2.52,2.52,0.02,0.12,,2976,
           ,BG-1.....25 - NXE,BG-1.....25 - NXE-CV.1            ,                ,CV.1            ,PLT12*200,Q355    ,12,200,264,1,1,4.99,,,4.99,4.99,0.12,0.12,,,
           ,BG-1.....25 - NXE,BG-1.....25 - NXE-CV.2            ,                ,CV.2            ,PLT12*200,Q355    ,12,200,306,1,1,5.77,,,5.77,5.77,0.13,0.13,,,
           ,BG-1.....25 - NXE,BG-1.....25 - NXE-EP.1            ,                ,EP.1            ,PLT16*240,Q355    ,16,240,320,2,2,9.65,,,19.3,19.3,0.17,0.34,,2816,
           ,BG-1.....25 - NXE,BG-1.....25 - NXE-EP.2            ,                ,EP.2            ,PLT16*240,Q355    ,16,240,240,1,1,7.23,,,7.23,7.23,0.13,0.13,,1248,
           ,BG-1.....25 - NXE,BG-1.....25 - NXE-F.5             ,                ,F.5             ,PLT8*200,Q355    ,8,200,10430,1,1,131.01,131.01,131.01,131.01,131.01,4.34,4.34,,,
,BG-1.....25 - NXE,BG-1.....25 - NXE-F.6             ,                ,F.6             ,PLT8*200,Q355    ,8,200,10009,1,1,122.71,122.71,122.71,122.71,122.71,4.07,4.07,,,
           ,BG-1.....25 - NXE,BG-1.....25 - NXE-R.1             ,                ,R.1             ,PLT6*100,Q355    ,6,100,100,2,2,0.31,,,0.62,0.62,0.02,0.03,,,
           ,BG-1.....25 - NXE,BG-1.....25 - NXE-R.3             ,                ,R.3             ,PLT6*50,Q355    ,6,50,200,9,9,0.24,,,2.16,2.16,0.01,0.11,,,
           ,BG-1.....25 - NXE,BG-1.....25 - NXE-RP.1            ,                ,RP.1            ,PLT6*68,Q345    ,6,68,68,12,12,0.12,,,1.44,1.44,0.01,0.07,,,
           ,BG-1.....25 - NXE,BG-1.....25 - NXE-S.1             ,                ,S.1             ,PLT6*281,Q355    ,6,281,96,2,2,1.25,,,2.5,2.5,0.06,0.11,,2182.4,
           ,BG-1.....25 - NXE,BG-1.....25 - NXE-S.2             ,                ,S.2             ,PLT6*96,Q355    ,6,96,284,4,4,1.27,,,5.08,5.08,0.06,0.23,,3500.8,
           ,BG-1.....25 - NXE,BG-1.....25 - NXE-S.3             ,                ,S.3             ,PLT6*96,Q355    ,6,96,286,2,2,1.28,,,2.56,2.56,0.06,0.12,,1758.4,
           ,BG-1.....25 - NXE,BG-1.....25 - NXE-SP.1            ,                ,SP.1            ,PLT6*97,Q355    ,6,97,130,6,6,0.58,,,3.48,3.48,0.03,0.16,,3422.4,
           ,BG-1.....25 - NXE,BG-1.....25 - NXE-SP.3            ,                ,SP.3            ,PLT6*97,Q355    ,6,97,284,6,6,1.28,,,7.68,7.68,0.06,0.35,,5270.4,
           ,BG-1.....25 - NXE,BG-1.....25 - NXE-W.4             ,                ,W.4             ,PLT6*304.7,Q355    ,6,304,10454,1,1,139.49,139.49,139.49,139.49,139.49,6.05,6.05,41816,,
5,BG-1.....25 - NXE,BG-1.....25 - NXE-RT1.2           ,RAFTER          ,RT1.2           ,H300X200X6X8,Q355    ,,          ,10650,       ,1,             ,393.21,393.21,475.46,475.46,15.42,17.28,,32086.4,
           ,BG-1.....25 - NXE,BG-1.....25 - NXE-CP.5            ,                ,CP.5            ,PLT6*200,Q355    ,6,200,200,9,9,1.88,,,16.92,16.92,0.08,0.76,,9360,
           ,BG-1.....25 - NXE,BG-1.....25 - NXE-CP.6            ,                ,CP.6            ,PLT6*80,Q345    ,6,80,120,6,6,0.42,,,2.52,2.52,0.02,0.12,,2976,
           ,BG-1.....25 - NXE,BG-1.....25 - NXE-CV.1            ,                ,CV.1            ,PLT12*200,Q355    ,12,200,264,1,1,4.99,,,4.99,4.99,0.12,0.12,,,
           ,BG-1.....25 - NXE,BG-1.....25 - NXE-CV.2            ,                ,CV.2            ,PLT12*200,Q355    ,12,200,306,1,1,5.77,,,5.77,5.77,0.13,0.13,,,
           ,BG-1.....25 - NXE,BG-1.....25 - NXE-EP.1            ,                ,EP.1            ,PLT16*240,Q355    ,16,240,320,2,2,9.65,,,19.3,19.3,0.17,0.34,,2816,
           ,BG-1.....25 - NXE,BG-1.....25 - NXE-EP.2            ,                ,EP.2            ,PLT16*240,Q355    ,16,240,240,1,1,7.23,,,7.23,7.23,0.13,0.13,,1248,
           ,BG-1.....25 - NXE,BG-1.....25 - NXE-F.5             ,                ,F.5             ,PLT8*200,Q355    ,8,200,10430,1,1,131.01,131.01,131.01,131.01,131.01,4.34,4.34,,,
           ,BG-1.....25 - NXE,BG-1.....25 - NXE-F.6             ,                ,F.6             ,PLT8*200,Q355    ,8,200,10009,1,1,122.71,122.71,122.71,122.71,122.71,4.07,4.07,,,
           ,BG-1.....25 - NXE,BG-1.....25 - NXE-R.1             ,                ,R.1             ,PLT6*100,Q355    ,6,100,100,2,2,0.31,,,0.62,0.62,0.02,0.03,,,
           ,BG-1.....25 - NXE,BG-1.....25 - NXE-R.3             ,                ,R.3             ,PLT6*50,Q355    ,6,50,200,9,9,0.24,,,2.16,2.16,0.01,0.11,,,
           ,BG-1.....25 - NXE,BG-1.....25 - NXE-RP.1            ,                ,RP.1            ,PLT6*68,Q345    ,6,68,68,12,12,0.12,,,1.44,1.44,0.01,0.07,,,
           ,BG-1.....25 - NXE,BG-1.....25 - NXE-S.1             ,                ,S.1             ,PLT6*96,Q355    ,6,96,280,2,2,1.25,,,2.5,2.5,0.06,0.11,,1734.4,
           ,BG-1.....25 - NXE,BG-1.....25 - NXE-S.2             ,                ,S.2             ,PLT6*96,Q355    ,6,96,284,4,4,1.27,,,5.08,5.08,0.06,0.23,,3500.8,
           ,BG-1.....25 - NXE,BG-1.....25 - NXE-S.3             ,                ,S.3             ,PLT6*96,Q355    ,6,96,286,2,2,1.28,,,2.56,2.56,0.06,0.12,,1758.4,
           ,BG-1.....25 - NXE,BG-1.....25 - NXE-SP.1            ,                ,SP.1            ,PLT6*97,Q355    ,6,97,130,6,6,0.58,,,3.48,3.48,0.03,0.16,,3422.4,
           ,BG-1.....25 - NXE,BG-1.....25 - NXE-SP.3            ,                ,SP.3            ,PLT6*97,Q355    ,6,97,284,6,6,1.28,,,7.68,7.68,0.06,0.35,,5270.4,
           ,BG-1.....25 - NXE,BG-1.....25 - NXE-W.4             ,                ,W.4             ,PLT6*304.7,Q355    ,6,304,10454,1,1,139.49,139.49,139.49,139.49,139.49,6.05,6.05,41816,,
6,BG-1.....25 - NXE,BG-1.....25 - NXE-RT2.1           ,RAFTER          ,RT2.1           ,H300X200X6X10,Q355    ,,          ,10650,       ,1,             ,454.66,454.66,539.95,539.95,15.35,17.43,,35412.8,
           ,BG-1.....25 - NXE,BG-1.....25 - NXE-CP.5            ,                ,CP.5            ,PLT6*200,Q355    ,6,200,200,9,9,1.88,,,16.92,16.92,0.08,0.76,,9360,
           ,BG-1.....25 - NXE,BG-1.....25 - NXE-CP.6            ,                ,CP.6            ,PLT6*80,Q345    ,6,80,120,6,6,0.42,,,2.52,2.52,0.02,0.12,,2976,
           ,BG-1.....25 - NXE,BG-1.....25 - NXE-CV.3            ,                ,CV.3            ,PLT12*200,Q355    ,12,200,260,1,1,4.91,,,4.91,4.91,0.12,0.12,,,
           ,BG-1.....25 - NXE,BG-1.....25 - NXE-CV.4            ,                ,CV.4            ,PLT12*200,Q355    ,12,200,302,1,1,5.69,,,5.69,5.69,0.13,0.13,,,
           ,BG-1.....25 - NXE,BG-1.....25 - NXE-EP.1            ,                ,EP.1            ,PLT16*240,Q355    ,16,240,320,2,2,9.65,,,19.3,19.3,0.17,0.34,,2816,
           ,BG-1.....25 - NXE,BG-1.....25 - NXE-EP.2            ,                ,EP.2            ,PLT16*240,Q355    ,16,240,240,1,1,7.23,,,7.23,7.23,0.13,0.13,,1248,
           ,BG-1.....25 - NXE,BG-1.....25 - NXE-F.10            ,                ,F.10            ,PLT10*200,Q355    ,10,200,10430,1,1,163.76,163.76,163.76,163.76,163.76,4.38,4.38,,,
           ,BG-1.....25 - NXE,BG-1.....25 - NXE-F.11            ,                ,F.11            ,PLT10*200,Q355    ,10,200,10009,1,1,153.38,153.38,153.38,153.38,153.38,4.11,4.11,,,
           ,BG-1.....25 - NXE,BG-1.....25 - NXE-R.1             ,                ,R.1             ,PLT6*100,Q355    ,6,100,100,2,2,0.31,,,0.62,0.62,0.02,0.03,,,
           ,BG-1.....25 - NXE,BG-1.....25 - NXE-R.3             ,                ,R.3             ,PLT6*50,Q355    ,6,50,200,9,9,0.24,,,2.16,2.16,0.01,0.11,,,
           ,BG-1.....25 - NXE,BG-1.....25 - NXE-RP.1            ,                ,RP.1            ,PLT6*68,Q345    ,6,68,68,12,12,0.12,,,1.44,1.44,0.01,0.07,,,
           ,BG-1.....25 - NXE,BG-1.....25 - NXE-S.1             ,                ,S.1             ,PLT6*96,Q355    ,6,96,282,6,6,1.26,,,7.52,7.52,0.06,0.35,,5227.2,
           ,BG-1.....25 - NXE,BG-1.....25 - NXE-S.4             ,                ,S.4             ,PLT6*96,Q355    ,6,96,276,2,2,1.23,,,2.46,2.46,0.06,0.11,,1718.4,
           ,BG-1.....25 - NXE,BG-1.....25 - NXE-SP.1            ,                ,SP.1            ,PLT6*97,Q355    ,6,97,130,12,12,0.58,,,6.96,6.96,0.03,0.33,,6844.8,
           ,BG-1.....25 - NXE,BG-1.....25 - NXE-SP.2            ,                ,SP.2            ,PLT6*97,Q355    ,6,97,280,6,6,1.26,,,7.56,7.56,0.06,0.35,,5222.4,
           ,BG-1.....25 - NXE,BG-1.....25 - NXE-W.8             ,                ,W.8             ,PLT6*300.7,Q355    ,6,300,10453,1,1,137.52,137.52,137.52,137.52,137.52,5.97,5.97,41812,,
7,BG-1.....25 - NXE,BG-1.....25 - NXE-RT2.2           ,RAFTER          ,RT2.2           ,H300X200X6X10,Q355    ,,          ,10650,       ,8,             ,454.66,3637.28,535.99,4287.92,15.33,137.84,,259302.4,
           ,BG-1.....25 - NXE,BG-1.....25 - NXE-CP.5            ,                ,CP.5            ,PLT6*200,Q355    ,6,200,200,9,72,1.88,,,16.92,135.36,0.08,6.11,,74880,
           ,BG-1.....25 - NXE,BG-1.....25 - NXE-CV.3            ,                ,CV.3            ,PLT12*200,Q355    ,12,200,260,1,8,4.91,,,4.91,39.28,0.12,0.92,,,
           ,BG-1.....25 - NXE,BG-1.....25 - NXE-CV.4            ,                ,CV.4            ,PLT12*200,Q355    ,12,200,302,1,8,5.69,,,5.69,45.52,0.13,1.06,,,
           ,BG-1.....25 - NXE,BG-1.....25 - NXE-EP.1            ,                ,EP.1            ,PLT16*240,Q355    ,16,240,320,2,16,9.65,,,19.3,154.4,0.17,2.74,,22528,
           ,BG-1.....25 - NXE,BG-1.....25 - NXE-EP.2            ,                ,EP.2            ,PLT16*240,Q355    ,16,240,240,1,8,7.23,,,7.23,57.84,0.13,1.04,,9984,
           ,BG-1.....25 - NXE,BG-1.....25 - NXE-F.10            ,                ,F.10            ,PLT10*200,Q355    ,10,200,10430,1,8,163.76,163.76,1310.08,163.76,1310.08,4.38,35.08,,,
           ,BG-1.....25 - NXE,BG-1.....25 - NXE-F.11            ,                ,F.11            ,PLT10*200,Q355    ,10,200,10009,1,8,153.38,153.38,1227.04,153.38,1227.04,4.11,32.89,,,
           ,BG-1.....25 - NXE,BG-1.....25 - NXE-R.1             ,                ,R.1             ,PLT6*100,Q355    ,6,100,100,2,16,0.31,,,0.62,4.96,0.02,0.24,,,
           ,BG-1.....25 - NXE,BG-1.....25 - NXE-R.3             ,                ,R.3             ,PLT6*50,Q355    ,6,50,200,9,72,0.24,,,2.16,17.28,0.01,0.92,,,
           ,BG-1.....25 - NXE,BG-1.....25 - NXE-S.1             ,                ,S.1             ,PLT6*96,Q355    ,6,96,280,6,48,1.25,,,7.52,60.16,0.06,2.76,,41625.6,
           ,BG-1.....25 - NXE,BG-1.....25 - NXE-S.4             ,                ,S.4             ,PLT6*96,Q355    ,6,96,276,2,16,1.23,,,2.46,19.68,0.06,0.91,,13747.2,
           ,BG-1.....25 - NXE,BG-1.....25 - NXE-SP.1            ,                ,SP.1            ,PLT6*97,Q355    ,6,97,130,12,96,0.58,,,6.96,55.68,0.03,2.64,,54758.4,
           ,BG-1.....25 - NXE,BG-1.....25 - NXE-SP.2            ,                ,SP.2            ,PLT6*97,Q355    ,6,97,280,6,48,1.26,,,7.56,60.48,0.06,2.78,,41779.2,
           ,BG-1.....25 - NXE,BG-1.....25 - NXE-W.9             ,                ,W.9             ,PLT6*300.7,Q355    ,6,300,10453,1,8,137.52,137.52,1100.16,137.52,1100.16,5.97,47.74,334496,,
8,BG-1.....25 - NXE,BG-1.....25 - NXE-RT2.3           ,RAFTER          ,RT2.3           ,H300X200X6X10,Q355    ,,          ,10650,       ,2,             ,454.66,909.32,537.99,1075.98,15.42,34.64,,67218.4,
           ,BG-1.....25 - NXE,BG-1.....25 - NXE-CP.5            ,                ,CP.5            ,PLT6*200,Q355    ,6,200,200,9,18,1.88,,,16.92,33.84,0.08,1.53,,18720,
           ,BG-1.....25 - NXE,BG-1.....25 - NXE-CV.3            ,                ,CV.3            ,PLT12*200,Q355    ,12,200,260,1,2,4.91,,,4.91,9.82,0.12,0.23,,,
           ,BG-1.....25 - NXE,BG-1.....25 - NXE-CV.4            ,                ,CV.4            ,PLT12*200,Q355    ,12,200,302,1,2,5.69,,,5.69,11.38,0.13,0.27,,,
           ,BG-1.....25 - NXE,BG-1.....25 - NXE-EP.1            ,                ,EP.1            ,PLT16*240,Q355    ,16,240,320,2,4,9.65,,,19.3,38.6,0.17,0.69,,5632,
           ,BG-1.....25 - NXE,BG-1.....25 - NXE-EP.2            ,                ,EP.2            ,PLT16*240,Q355    ,16,240,240,1,2,7.23,,,7.23,14.46,0.13,0.26,,2496,
           ,BG-1.....25 - NXE,BG-1.....25 - NXE-F.10            ,                ,F.10            ,PLT10*200,Q355    ,10,200,10430,1,2,163.76,163.76,327.52,163.76,327.52,4.38,8.77,,,
           ,BG-1.....25 - NXE,BG-1.....25 - NXE-F.11            ,                ,F.11            ,PLT10*200,Q355    ,10,200,10009,1,2,153.38,153.38,306.76,153.38,306.76,4.11,8.22,,,
           ,BG-1.....25 - NXE,BG-1.....25 - NXE-GP.10           ,                ,GP.10           ,PLT6*207,Q355    ,6,207,267,1,2,2,,,2,4,0.09,0.18,,2392.8,
           ,BG-1.....25 - NXE,BG-1.....25 - NXE-R.1             ,                ,R.1             ,PLT6*100,Q355    ,6,100,100,2,4,0.31,,,0.62,1.24,0.02,0.06,,,
           ,BG-1.....25 - NXE,BG-1.....25 - NXE-R.3             ,                ,R.3             ,PLT6*50,Q355    ,6,50,200,9,18,0.24,,,2.16,4.32,0.01,0.23,,,
           ,BG-1.....25 - NXE,BG-1.....25 - NXE-S.1             ,                ,S.1             ,PLT6*96,Q355    ,6,96,280,6,12,1.25,,,7.52,15.04,0.06,0.69,,10406.4,
           ,BG-1.....25 - NXE,BG-1.....25 - NXE-S.4             ,                ,S.4             ,PLT6*96,Q355    ,6,96,276,2,4,1.23,,,2.46,4.92,0.06,0.23,,3436.8,
           ,BG-1.....25 - NXE,BG-1.....25 - NXE-SP.1            ,                ,SP.1            ,PLT6*97,Q355    ,6,97,130,12,24,0.58,,,6.96,13.92,0.03,0.66,,13689.6,
           ,BG-1.....25 - NXE,BG-1.....25 - NXE-SP.2            ,                ,SP.2            ,PLT6*97,Q355    ,6,97,280,6,12,1.26,,,7.56,15.12,0.06,0.69,,10444.8,
           ,BG-1.....25 - NXE,BG-1.....25 - NXE-W.9             ,                ,W.9             ,PLT6*300.7,Q355    ,6,300,10453,1,2,137.52,137.52,275.04,137.52,275.04,5.97,11.94,83624,,
9,BG-1.....25 - NXE,BG-1.....25 - NXE-RT2.4           ,RAFTER          ,RT2.4           ,H300X200X6X10,Q355    ,,          ,7607,       ,2,             ,327.24,654.48,398.16,796.32,11.38,25.46,,54841.6,
           ,BG-1.....25 - NXE,BG-1.....25 - NXE-CP.5            ,                ,CP.5            ,PLT6*200,Q355    ,6,200,200,7,14,1.88,,,13.16,26.32,0.08,1.19,,14560,
           ,BG-1.....25 - NXE,BG-1.....25 - NXE-CP.6            ,                ,CP.6            ,PLT6*80,Q345    ,6,80,120,3,6,0.42,,,1.26,2.52,0.02,0.12,,2976,
           ,BG-1.....25 - NXE,BG-1.....25 - NXE-CV.4            ,                ,CV.4            ,PLT12*200,Q355    ,12,200,302,1,2,5.69,,,5.69,11.38,0.13,0.27,,,
           ,BG-1.....25 - NXE,BG-1.....25 - NXE-EP.1            ,                ,EP.1            ,PLT16*240,Q355    ,16,240,320,1,2,9.65,,,9.65,19.3,0.17,0.34,,2816,
           ,BG-1.....25 - NXE,BG-1.....25 - NXE-EP.2            ,                ,EP.2            ,PLT16*240,Q355    ,16,240,240,1,2,7.23,,,7.23,14.46,0.13,0.26,,2496,
           ,BG-1.....25 - NXE,BG-1.....25 - NXE-EP.3            ,                ,EP.3            ,PLT16*240,Q355    ,16,240,420,1,2,12.66,,,12.66,25.32,0.22,0.45,,3216,
           ,BG-1.....25 - NXE,BG-1.....25 - NXE-F.23            ,                ,F.23            ,PLT10*200,Q355    ,10,200,7510,1,2,117.91,117.91,235.82,117.91,235.82,3.16,6.32,,,
           ,BG-1.....25 - NXE,BG-1.....25 - NXE-F.24            ,                ,F.24            ,PLT10*200,Q355    ,10,200,7271,1,2,110.39,110.39,220.78,110.39,220.78,2.96,5.92,,,
           ,BG-1.....25 - NXE,BG-1.....25 - NXE-R.1             ,                ,R.1             ,PLT6*100,Q355    ,6,100,100,1,2,0.31,,,0.31,0.62,0.02,0.03,,,
           ,BG-1.....25 - NXE,BG-1.....25 - NXE-R.2             ,                ,R.2             ,PLT6*63,Q355    ,6,63,199,1,2,0.44,,,0.44,0.88,0.02,0.04,,,
           ,BG-1.....25 - NXE,BG-1.....25 - NXE-R.3             ,                ,R.3             ,PLT6*50,Q355    ,6,50,200,6,12,0.24,,,1.44,2.88,0.01,0.15,,,
           ,BG-1.....25 - NXE,BG-1.....25 - NXE-RP.1            ,                ,RP.1            ,PLT6*68,Q345    ,6,68,68,6,12,0.12,,,0.72,1.44,0.01,0.07,,,
           ,BG-1.....25 - NXE,BG-1.....25 - NXE-S.1             ,                ,S.1             ,PLT6*96,Q355    ,6,96,280,6,12,1.25,,,7.52,15.04,0.06,0.69,,10406.4,
           ,BG-1.....25 - NXE,BG-1.....25 - NXE-SP.1            ,                ,SP.1            ,PLT6*97,Q355    ,6,97,130,10,20,0.58,,,5.8,11.6,0.03,0.55,,11408,
           ,BG-1.....25 - NXE,BG-1.....25 - NXE-SP.2            ,                ,SP.2            ,PLT6*97,Q355    ,6,97,280,4,8,1.26,,,5.04,10.08,0.06,0.46,,6963.2,
           ,BG-1.....25 - NXE,BG-1.....25 - NXE-W.14            ,                ,W.14            ,PLT6*300.7,Q355    ,6,300,7508,1,2,98.94,98.94,197.88,98.94,197.88,4.29,8.59,60064,,
10,BG-1.....25 - NXE,BG-1.....25 - NXE-RT2.5           ,RAFTER          ,RT2.5           ,H300X200X6X10,Q355    ,,          ,7607,       ,2,             ,327.24,654.48,398.16,796.32,11.38,25.46,,54841.6,
           ,BG-1.....25 - NXE,BG-1.....25 - NXE-CP.5            ,                ,CP.5            ,PLT6*200,Q355    ,6,200,200,7,14,1.88,,,13.16,26.32,0.08,1.19,,14560,
           ,BG-1.....25 - NXE,BG-1.....25 - NXE-CP.6            ,                ,CP.6            ,PLT6*80,Q345    ,6,80,120,3,6,0.42,,,1.26,2.52,0.02,0.12,,2976,
           ,BG-1.....25 - NXE,BG-1.....25 - NXE-CV.4            ,                ,CV.4            ,PLT12*200,Q355    ,12,200,302,1,2,5.69,,,5.69,11.38,0.13,0.27,,,
           ,BG-1.....25 - NXE,BG-1.....25 - NXE-EP.1            ,                ,EP.1            ,PLT16*240,Q355    ,16,240,320,1,2,9.65,,,9.65,19.3,0.17,0.34,,2816,
           ,BG-1.....25 - NXE,BG-1.....25 - NXE-EP.2            ,                ,EP.2            ,PLT16*240,Q355    ,16,240,240,1,2,7.23,,,7.23,14.46,0.13,0.26,,2496,
           ,BG-1.....25 - NXE,BG-1.....25 - NXE-EP.3            ,                ,EP.3            ,PLT16*240,Q355    ,16,240,420,1,2,12.66,,,12.66,25.32,0.22,0.45,,3216,
           ,BG-1.....25 - NXE,BG-1.....25 - NXE-F.23            ,                ,F.23            ,PLT10*200,Q355    ,10,200,7510,1,2,117.91,117.91,235.82,117.91,235.82,3.16,6.32,,,
           ,BG-1.....25 - NXE,BG-1.....25 - NXE-F.24            ,                ,F.24            ,PLT10*200,Q355    ,10,200,7271,1,2,110.39,110.39,220.78,110.39,220.78,2.96,5.92,,,
           ,BG-1.....25 - NXE,BG-1.....25 - NXE-R.1             ,                ,R.1             ,PLT6*100,Q355    ,6,100,100,1,2,0.31,,,0.31,0.62,0.02,0.03,,,
           ,BG-1.....25 - NXE,BG-1.....25 - NXE-R.2             ,                ,R.2             ,PLT6*63,Q355    ,6,63,199,1,2,0.44,,,0.44,0.88,0.02,0.04,,,
           ,BG-1.....25 - NXE,BG-1.....25 - NXE-R.3             ,                ,R.3             ,PLT6*50,Q355    ,6,50,200,6,12,0.24,,,1.44,2.88,0.01,0.15,,,
           ,BG-1.....25 - NXE,BG-1.....25 - NXE-RP.1            ,                ,RP.1            ,PLT6*68,Q345    ,6,68,68,6,12,0.12,,,0.72,1.44,0.01,0.07,,,
           ,BG-1.....25 - NXE,BG-1.....25 - NXE-S.1             ,                ,S.1             ,PLT6*96,Q355    ,6,96,280,6,12,1.25,,,7.52,15.04,0.06,0.69,,10406.4,
           ,BG-1.....25 - NXE,BG-1.....25 - NXE-SP.1            ,                ,SP.1            ,PLT6*97,Q355    ,6,97,130,10,20,0.58,,,5.8,11.6,0.03,0.55,,11408,
           ,BG-1.....25 - NXE,BG-1.....25 - NXE-SP.2            ,                ,SP.2            ,PLT6*97,Q355    ,6,97,280,4,8,1.26,,,5.04,10.08,0.06,0.46,,6963.2,
           ,BG-1.....25 - NXE,BG-1.....25 - NXE-W.14            ,                ,W.14            ,PLT6*300.7,Q355    ,6,300,7508,1,2,98.94,98.94,197.88,98.94,197.88,4.29,8.59,60064,,
11,BG-1.....25 - NXE,BG-1.....25 - NXE-RT2.6           ,RAFTER          ,RT2.6           ,H300X200X6X10,Q355    ,,          ,10650,       ,2,             ,454.66,909.32,537.99,1075.98,15.42,34.64,,67218.4,
           ,BG-1.....25 - NXE,BG-1.....25 - NXE-CP.5            ,                ,CP.5            ,PLT6*200,Q355    ,6,200,200,9,18,1.88,,,16.92,33.84,0.08,1.53,,18720,
           ,BG-1.....25 - NXE,BG-1.....25 - NXE-CV.3            ,                ,CV.3            ,PLT12*200,Q355    ,12,200,260,1,2,4.91,,,4.91,9.82,0.12,0.23,,,
           ,BG-1.....25 - NXE,BG-1.....25 - NXE-CV.4            ,                ,CV.4            ,PLT12*200,Q355    ,12,200,302,1,2,5.69,,,5.69,11.38,0.13,0.27,,,
           ,BG-1.....25 - NXE,BG-1.....25 - NXE-EP.1            ,                ,EP.1            ,PLT16*240,Q355    ,16,240,320,2,4,9.65,,,19.3,38.6,0.17,0.69,,5632,
           ,BG-1.....25 - NXE,BG-1.....25 - NXE-EP.2            ,                ,EP.2            ,PLT16*240,Q355    ,16,240,240,1,2,7.23,,,7.23,14.46,0.13,0.26,,2496,
           ,BG-1.....25 - NXE,BG-1.....25 - NXE-F.10            ,                ,F.10            ,PLT10*200,Q355    ,10,200,10430,1,2,163.76,163.76,327.52,163.76,327.52,4.38,8.77,,,
           ,BG-1.....25 - NXE,BG-1.....25 - NXE-F.11            ,                ,F.11            ,PLT10*200,Q355    ,10,200,10009,1,2,153.38,153.38,306.76,153.38,306.76,4.11,8.22,,,
           ,BG-1.....25 - NXE,BG-1.....25 - NXE-GP.10           ,                ,GP.10           ,PLT6*207,Q355    ,6,207,267,1,2,2,,,2,4,0.09,0.18,,2392.8,
           ,BG-1.....25 - NXE,BG-1.....25 - NXE-R.1             ,                ,R.1             ,PLT6*100,Q355    ,6,100,100,2,4,0.31,,,0.62,1.24,0.02,0.06,,,
           ,BG-1.....25 - NXE,BG-1.....25 - NXE-R.3             ,                ,R.3             ,PLT6*50,Q355    ,6,50,200,9,18,0.24,,,2.16,4.32,0.01,0.23,,,
           ,BG-1.....25 - NXE,BG-1.....25 - NXE-S.1             ,                ,S.1             ,PLT6*96,Q355    ,6,96,280,6,12,1.25,,,7.52,15.04,0.06,0.69,,10406.4,
           ,BG-1.....25 - NXE,BG-1.....25 - NXE-S.4             ,                ,S.4             ,PLT6*96,Q355    ,6,96,276,2,4,1.23,,,2.46,4.92,0.06,0.23,,3436.8,
           ,BG-1.....25 - NXE,BG-1.....25 - NXE-SP.1            ,                ,SP.1            ,PLT6*97,Q355    ,6,97,130,12,24,0.58,,,6.96,13.92,0.03,0.66,,13689.6,
           ,BG-1.....25 - NXE,BG-1.....25 - NXE-SP.2            ,                ,SP.2            ,PLT6*97,Q355    ,6,97,280,6,12,1.26,,,7.56,15.12,0.06,0.69,,10444.8,
           ,BG-1.....25 - NXE,BG-1.....25 - NXE-W.9             ,                ,W.9             ,PLT6*300.7,Q355    ,6,300,10453,1,2,137.52,137.52,275.04,137.52,275.04,5.97,11.94,83624,,
12,BG-1.....25 - NXE,BG-1.....25 - NXE-RT2.7           ,RAFTER          ,RT2.7           ,H300X200X6X10,Q355    ,,          ,13062,       ,1,             ,558.44,558.44,662.68,662.68,18.66,21.41,,44318.4,
           ,BG-1.....25 - NXE,BG-1.....25 - NXE-CP.5            ,                ,CP.5            ,PLT6*200,Q355    ,6,200,200,11,11,1.88,,,20.68,20.68,0.08,0.93,,11440,
           ,BG-1.....25 - NXE,BG-1.....25 - NXE-CP.6            ,                ,CP.6            ,PLT6*80,Q345    ,6,80,120,8,8,0.42,,,3.36,3.36,0.02,0.17,,3968,
           ,BG-1.....25 - NXE,BG-1.....25 - NXE-CV.3            ,                ,CV.3            ,PLT12*200,Q355    ,12,200,260,1,1,4.91,,,4.91,4.91,0.12,0.12,,,
           ,BG-1.....25 - NXE,BG-1.....25 - NXE-CV.4            ,                ,CV.4            ,PLT12*200,Q355    ,12,200,302,1,1,5.69,,,5.69,5.69,0.13,0.13,,,
           ,BG-1.....25 - NXE,BG-1.....25 - NXE-EP.1            ,                ,EP.1            ,PLT16*240,Q355    ,16,240,320,2,2,9.65,,,19.3,19.3,0.17,0.34,,2816,
           ,BG-1.....25 - NXE,BG-1.....25 - NXE-EP.2            ,                ,EP.2            ,PLT16*240,Q355    ,16,240,240,2,2,7.23,,,14.46,14.46,0.13,0.26,,2496,
           ,BG-1.....25 - NXE,BG-1.....25 - NXE-F.39            ,                ,F.39            ,PLT10*200,Q355    ,10,200,12842,1,1,201.63,201.63,201.63,201.63,201.63,5.4,5.4,,,
           ,BG-1.....25 - NXE,BG-1.....25 - NXE-F.40            ,                ,F.40            ,PLT10*200,Q355    ,10,200,12421,1,1,187.48,187.48,187.48,187.48,187.48,5.03,5.03,,,
           ,BG-1.....25 - NXE,BG-1.....25 - NXE-R.1             ,                ,R.1             ,PLT6*100,Q355    ,6,100,100,2,2,0.31,,,0.62,0.62,0.02,0.03,,,
           ,BG-1.....25 - NXE,BG-1.....25 - NXE-R.3             ,                ,R.3             ,PLT6*50,Q355    ,6,50,200,11,11,0.24,,,2.64,2.64,0.01,0.14,,,
           ,BG-1.....25 - NXE,BG-1.....25 - NXE-RP.1            ,                ,RP.1            ,PLT6*68,Q345    ,6,68,68,16,16,0.12,,,1.92,1.92,0.01,0.1,,,
           ,BG-1.....25 - NXE,BG-1.....25 - NXE-S.1             ,                ,S.1             ,PLT6*96,Q355    ,6,96,280,10,10,1.25,,,12.52,12.52,0.06,0.57,,8672,
           ,BG-1.....25 - NXE,BG-1.....25 - NXE-S.4             ,                ,S.4             ,PLT6*96,Q355    ,6,96,276,2,2,1.23,,,2.46,2.46,0.06,0.11,,1718.4,
           ,BG-1.....25 - NXE,BG-1.....25 - NXE-SP.1            ,                ,SP.1            ,PLT6*97,Q355    ,6,97,130,14,14,0.58,,,8.12,8.12,0.03,0.38,,7985.6,
           ,BG-1.....25 - NXE,BG-1.....25 - NXE-SP.2            ,                ,SP.2            ,PLT6*97,Q355    ,6,97,280,6,6,1.26,,,7.56,7.56,0.06,0.35,,5222.4,
           ,BG-1.....25 - NXE,BG-1.....25 - NXE-W.23            ,                ,W.23            ,PLT6*300.7,Q355    ,6,300,12865,1,1,169.33,169.33,169.33,169.33,169.33,7.35,7.35,51460,,
13,BG-1.....25 - NXE,BG-1.....25 - NXE-RT2.8           ,RAFTER          ,RT2.8           ,H300X200X6X10,Q355    ,,          ,10650,       ,1,             ,454.66,454.66,539.95,539.95,15.35,17.43,,35388.8,
           ,BG-1.....25 - NXE,BG-1.....25 - NXE-CP.5            ,                ,CP.5            ,PLT6*200,Q355    ,6,200,200,9,9,1.88,,,16.92,16.92,0.08,0.76,,9360,
           ,BG-1.....25 - NXE,BG-1.....25 - NXE-CP.6            ,                ,CP.6            ,PLT6*80,Q345    ,6,80,120,6,6,0.42,,,2.52,2.52,0.02,0.12,,2976,
           ,BG-1.....25 - NXE,BG-1.....25 - NXE-CV.3            ,                ,CV.3            ,PLT12*200,Q355    ,12,200,260,1,1,4.91,,,4.91,4.91,0.12,0.12,,,
           ,BG-1.....25 - NXE,BG-1.....25 - NXE-CV.4            ,                ,CV.4            ,PLT12*200,Q355    ,12,200,302,1,1,5.69,,,5.69,5.69,0.13,0.13,,,
           ,BG-1.....25 - NXE,BG-1.....25 - NXE-EP.1            ,                ,EP.1            ,PLT16*240,Q355    ,16,240,320,2,2,9.65,,,19.3,19.3,0.17,0.34,,2816,
           ,BG-1.....25 - NXE,BG-1.....25 - NXE-EP.2            ,                ,EP.2            ,PLT16*240,Q355    ,16,240,240,1,1,7.23,,,7.23,7.23,0.13,0.13,,1248,
           ,BG-1.....25 - NXE,BG-1.....25 - NXE-F.10            ,                ,F.10            ,PLT10*200,Q355    ,10,200,10430,1,1,163.76,163.76,163.76,163.76,163.76,4.38,4.38,,,
           ,BG-1.....25 - NXE,BG-1.....25 - NXE-F.11            ,                ,F.11            ,PLT10*200,Q355    ,10,200,10009,1,1,153.38,153.38,153.38,153.38,153.38,4.11,4.11,,,
           ,BG-1.....25 - NXE,BG-1.....25 - NXE-R.1             ,                ,R.1             ,PLT6*100,Q355    ,6,100,100,2,2,0.31,,,0.62,0.62,0.02,0.03,,,
           ,BG-1.....25 - NXE,BG-1.....25 - NXE-R.3             ,                ,R.3             ,PLT6*50,Q355    ,6,50,200,9,9,0.24,,,2.16,2.16,0.01,0.11,,,
           ,BG-1.....25 - NXE,BG-1.....25 - NXE-RP.1            ,                ,RP.1            ,PLT6*68,Q345    ,6,68,68,12,12,0.12,,,1.44,1.44,0.01,0.07,,,
           ,BG-1.....25 - NXE,BG-1.....25 - NXE-S.1             ,                ,S.1             ,PLT6*96,Q355    ,6,96,280,6,6,1.25,,,7.52,7.52,0.06,0.35,,5203.2,
           ,BG-1.....25 - NXE,BG-1.....25 - NXE-S.4             ,                ,S.4             ,PLT6*96,Q355    ,6,96,276,2,2,1.23,,,2.46,2.46,0.06,0.11,,1718.4,
           ,BG-1.....25 - NXE,BG-1.....25 - NXE-SP.1            ,                ,SP.1            ,PLT6*97,Q355    ,6,97,130,12,12,0.58,,,6.96,6.96,0.03,0.33,,6844.8,
           ,BG-1.....25 - NXE,BG-1.....25 - NXE-SP.2            ,                ,SP.2            ,PLT6*97,Q355    ,6,97,280,6,6,1.26,,,7.56,7.56,0.06,0.35,,5222.4,
           ,BG-1.....25 - NXE,BG-1.....25 - NXE-W.8             ,                ,W.8             ,PLT6*300.7,Q355    ,6,300,10453,1,1,137.52,137.52,137.52,137.52,137.52,5.97,5.97,41812,,
14,BG-1.....25 - NXE,BG-1.....25 - NXE-RT2.9           ,RAFTER          ,RT2.9           ,H300X200X6X10,Q355    ,,          ,13062,       ,1,             ,562.21,562.21,658.74,658.74,18.85,21.36,,42538.8,
           ,BG-1.....25 - NXE,BG-1.....25 - NXE-CP.5            ,                ,CP.5            ,PLT6*200,Q355    ,6,200,200,11,11,1.88,,,20.68,20.68,0.08,0.93,,11440,
           ,BG-1.....25 - NXE,BG-1.....25 - NXE-CP.6            ,                ,CP.6            ,PLT6*80,Q345    ,6,80,120,8,8,0.42,,,3.36,3.36,0.02,0.17,,3968,
           ,BG-1.....25 - NXE,BG-1.....25 - NXE-CV.3            ,                ,CV.3            ,PLT12*200,Q355    ,12,200,260,1,1,4.91,,,4.91,4.91,0.12,0.12,,,
           ,BG-1.....25 - NXE,BG-1.....25 - NXE-CV.4            ,                ,CV.4            ,PLT12*200,Q355    ,12,200,302,1,1,5.69,,,5.69,5.69,0.13,0.13,,,
           ,BG-1.....25 - NXE,BG-1.....25 - NXE-EP.1            ,                ,EP.1            ,PLT16*240,Q355    ,16,240,320,2,2,9.65,,,19.3,19.3,0.17,0.34,,2816,
           ,BG-1.....25 - NXE,BG-1.....25 - NXE-EP.2            ,                ,EP.2            ,PLT16*240,Q355    ,16,240,240,1,1,7.23,,,7.23,7.23,0.13,0.13,,1248,
           ,BG-1.....25 - NXE,BG-1.....25 - NXE-F.39            ,                ,F.39            ,PLT10*200,Q355    ,10,200,12842,1,1,201.63,201.63,201.63,201.63,201.63,5.4,5.4,,,
           ,BG-1.....25 - NXE,BG-1.....25 - NXE-F.43            ,                ,F.43            ,PLT10*200,Q355    ,10,200,12421,1,1,191.25,191.25,191.25,191.25,191.25,5.12,5.12,,,
           ,BG-1.....25 - NXE,BG-1.....25 - NXE-GP.10           ,                ,GP.10           ,PLT6*207,Q355    ,6,207,267,1,1,2,,,2,2,0.09,0.09,,1196.4,
           ,BG-1.....25 - NXE,BG-1.....25 - NXE-R.1             ,                ,R.1             ,PLT6*100,Q355    ,6,100,100,2,2,0.31,,,0.62,0.62,0.02,0.03,,,
           ,BG-1.....25 - NXE,BG-1.....25 - NXE-R.3             ,                ,R.3             ,PLT6*50,Q355    ,6,50,200,11,11,0.24,,,2.64,2.64,0.01,0.14,,,
           ,BG-1.....25 - NXE,BG-1.....25 - NXE-RP.1            ,                ,RP.1            ,PLT6*68,Q345    ,6,68,68,16,16,0.12,,,1.92,1.92,0.01,0.1,,,
           ,BG-1.....25 - NXE,BG-1.....25 - NXE-S.1             ,                ,S.1             ,PLT6*96,Q355    ,6,96,280,6,6,1.25,,,7.52,7.52,0.06,0.35,,5203.2,
           ,BG-1.....25 - NXE,BG-1.....25 - NXE-S.4             ,                ,S.4             ,PLT6*96,Q355    ,6,96,276,2,2,1.23,,,2.46,2.46,0.06,0.11,,1718.4,
           ,BG-1.....25 - NXE,BG-1.....25 - NXE-SP.1            ,                ,SP.1            ,PLT6*97,Q355    ,6,97,130,14,14,0.58,,,8.12,8.12,0.03,0.38,,7985.6,
           ,BG-1.....25 - NXE,BG-1.....25 - NXE-SP.2            ,                ,SP.2            ,PLT6*97,Q355    ,6,97,280,8,8,1.26,,,10.08,10.08,0.06,0.46,,6963.2,
           ,BG-1.....25 - NXE,BG-1.....25 - NXE-W.23            ,                ,W.23            ,PLT6*300.7,Q355    ,6,300,12865,1,1,169.33,169.33,169.33,169.33,169.33,7.35,7.35,51460,,
15,BG-1.....25 - NXE,BG-1.....25 - NXE-RT2.10          ,RAFTER          ,RT2.10          ,H300X200X6X10,Q355    ,,          ,13062,       ,1,             ,558.44,558.44,662.68,662.68,18.66,21.41,,44318.4,
           ,BG-1.....25 - NXE,BG-1.....25 - NXE-CP.5            ,                ,CP.5            ,PLT6*200,Q355    ,6,200,200,11,11,1.88,,,20.68,20.68,0.08,0.93,,11440,
           ,BG-1.....25 - NXE,BG-1.....25 - NXE-CP.6            ,                ,CP.6            ,PLT6*80,Q345    ,6,80,120,8,8,0.42,,,3.36,3.36,0.02,0.17,,3968,
           ,BG-1.....25 - NXE,BG-1.....25 - NXE-CV.3            ,                ,CV.3            ,PLT12*200,Q355    ,12,200,260,1,1,4.91,,,4.91,4.91,0.12,0.12,,,
           ,BG-1.....25 - NXE,BG-1.....25 - NXE-CV.4            ,                ,CV.4            ,PLT12*200,Q355    ,12,200,302,1,1,5.69,,,5.69,5.69,0.13,0.13,,,
           ,BG-1.....25 - NXE,BG-1.....25 - NXE-EP.1            ,                ,EP.1            ,PLT16*240,Q355    ,16,240,320,2,2,9.65,,,19.3,19.3,0.17,0.34,,2816,
           ,BG-1.....25 - NXE,BG-1.....25 - NXE-EP.2            ,                ,EP.2            ,PLT16*240,Q355    ,16,240,240,2,2,7.23,,,14.46,14.46,0.13,0.26,,2496,
           ,BG-1.....25 - NXE,BG-1.....25 - NXE-F.39            ,                ,F.39            ,PLT10*200,Q355    ,10,200,12842,1,1,201.63,201.63,201.63,201.63,201.63,5.4,5.4,,,
           ,BG-1.....25 - NXE,BG-1.....25 - NXE-F.40            ,                ,F.40            ,PLT10*200,Q355    ,10,200,12421,1,1,187.48,187.48,187.48,187.48,187.48,5.03,5.03,,,
           ,BG-1.....25 - NXE,BG-1.....25 - NXE-R.1             ,                ,R.1             ,PLT6*100,Q355    ,6,100,100,2,2,0.31,,,0.62,0.62,0.02,0.03,,,
           ,BG-1.....25 - NXE,BG-1.....25 - NXE-R.3             ,                ,R.3             ,PLT6*50,Q355    ,6,50,200,11,11,0.24,,,2.64,2.64,0.01,0.14,,,
           ,BG-1.....25 - NXE,BG-1.....25 - NXE-RP.1            ,                ,RP.1            ,PLT6*68,Q345    ,6,68,68,16,16,0.12,,,1.92,1.92,0.01,0.1,,,
           ,BG-1.....25 - NXE,BG-1.....25 - NXE-S.1             ,                ,S.1             ,PLT6*96,Q355    ,6,96,280,10,10,1.25,,,12.52,12.52,0.06,0.57,,8672,
           ,BG-1.....25 - NXE,BG-1.....25 - NXE-S.4             ,                ,S.4             ,PLT6*96,Q355    ,6,96,276,2,2,1.23,,,2.46,2.46,0.06,0.11,,1718.4,
           ,BG-1.....25 - NXE,BG-1.....25 - NXE-SP.1            ,                ,SP.1            ,PLT6*97,Q355    ,6,97,130,14,14,0.58,,,8.12,8.12,0.03,0.38,,7985.6,
           ,BG-1.....25 - NXE,BG-1.....25 - NXE-SP.2            ,                ,SP.2            ,PLT6*97,Q355    ,6,97,280,6,6,1.26,,,7.56,7.56,0.06,0.35,,5222.4,
           ,BG-1.....25 - NXE,BG-1.....25 - NXE-W.23            ,                ,W.23            ,PLT6*300.7,Q355    ,6,300,12865,1,1,169.33,169.33,169.33,169.33,169.33,7.35,7.35,51460,,
16,BG-1.....25 - NXE,BG-1.....25 - NXE-RT2.11          ,RAFTER          ,RT2.11          ,H300X200X6X10,Q355    ,,          ,10019,       ,2,             ,434.79,869.58,511.65,1023.3,14.75,32.8,,61788.8,
           ,BG-1.....25 - NXE,BG-1.....25 - NXE-CP.5            ,                ,CP.5            ,PLT6*200,Q355    ,6,200,200,9,18,1.88,,,16.92,33.84,0.08,1.53,,18720,
           ,BG-1.....25 - NXE,BG-1.....25 - NXE-CV.4            ,                ,CV.4            ,PLT12*200,Q355    ,12,200,302,1,2,5.69,,,5.69,11.38,0.13,0.27,,,
           ,BG-1.....25 - NXE,BG-1.....25 - NXE-EP.1            ,                ,EP.1            ,PLT16*240,Q355    ,16,240,320,1,2,9.65,,,9.65,19.3,0.17,0.34,,2816,
           ,BG-1.....25 - NXE,BG-1.....25 - NXE-EP.2            ,                ,EP.2            ,PLT16*240,Q355    ,16,240,240,1,2,7.23,,,7.23,14.46,0.13,0.26,,2496,
           ,BG-1.....25 - NXE,BG-1.....25 - NXE-EP.3            ,                ,EP.3            ,PLT16*240,Q355    ,16,240,420,1,2,12.66,,,12.66,25.32,0.22,0.45,,3216,
           ,BG-1.....25 - NXE,BG-1.....25 - NXE-F.44            ,                ,F.44            ,PLT10*200,Q355    ,10,200,9922,1,2,155.78,155.78,311.56,155.78,311.56,4.17,8.34,,,
           ,BG-1.....25 - NXE,BG-1.....25 - NXE-F.45            ,                ,F.45            ,PLT10*200,Q355    ,10,200,9683,1,2,148.26,148.26,296.52,148.26,296.52,3.97,7.95,,,
           ,BG-1.....25 - NXE,BG-1.....25 - NXE-R.1             ,                ,R.1             ,PLT6*100,Q355    ,6,100,100,1,2,0.31,,,0.31,0.62,0.02,0.03,,,
           ,BG-1.....25 - NXE,BG-1.....25 - NXE-R.2             ,                ,R.2             ,PLT6*63,Q355    ,6,63,199,1,2,0.44,,,0.44,0.88,0.02,0.04,,,
           ,BG-1.....25 - NXE,BG-1.....25 - NXE-R.3             ,                ,R.3             ,PLT6*50,Q355    ,6,50,200,8,16,0.24,,,1.92,3.84,0.01,0.2,,,
           ,BG-1.....25 - NXE,BG-1.....25 - NXE-S.1             ,                ,S.1             ,PLT6*96,Q355    ,6,96,280,6,12,1.25,,,7.52,15.04,0.06,0.69,,10406.4,
           ,BG-1.....25 - NXE,BG-1.....25 - NXE-SP.1            ,                ,SP.1            ,PLT6*97,Q355    ,6,97,130,12,24,0.58,,,6.96,13.92,0.03,0.66,,13689.6,
           ,BG-1.....25 - NXE,BG-1.....25 - NXE-SP.2            ,                ,SP.2            ,PLT6*97,Q355    ,6,97,280,6,12,1.26,,,7.56,15.12,0.06,0.69,,10444.8,
           ,BG-1.....25 - NXE,BG-1.....25 - NXE-W.24            ,                ,W.24            ,PLT6*300.7,Q355    ,6,300,9920,1,2,130.75,130.75,261.5,130.75,261.5,5.67,11.35,79360,,
17,BG-1.....25 - NXE,BG-1.....25 - NXE-RT2.12          ,RAFTER          ,RT2.12          ,H300X200X6X10,Q355    ,,          ,13062,       ,1,             ,562.21,562.21,658.74,658.74,18.85,21.36,,42538.8,
           ,BG-1.....25 - NXE,BG-1.....25 - NXE-CP.5            ,                ,CP.5            ,PLT6*200,Q355    ,6,200,200,11,11,1.88,,,20.68,20.68,0.08,0.93,,11440,
           ,BG-1.....25 - NXE,BG-1.....25 - NXE-CP.6            ,                ,CP.6            ,PLT6*80,Q345    ,6,80,120,8,8,0.42,,,3.36,3.36,0.02,0.17,,3968,
           ,BG-1.....25 - NXE,BG-1.....25 - NXE-CV.3            ,                ,CV.3            ,PLT12*200,Q355    ,12,200,260,1,1,4.91,,,4.91,4.91,0.12,0.12,,,
           ,BG-1.....25 - NXE,BG-1.....25 - NXE-CV.4            ,                ,CV.4            ,PLT12*200,Q355    ,12,200,302,1,1,5.69,,,5.69,5.69,0.13,0.13,,,
           ,BG-1.....25 - NXE,BG-1.....25 - NXE-EP.1            ,                ,EP.1            ,PLT16*240,Q355    ,16,240,320,2,2,9.65,,,19.3,19.3,0.17,0.34,,2816,
           ,BG-1.....25 - NXE,BG-1.....25 - NXE-EP.2            ,                ,EP.2            ,PLT16*240,Q355    ,16,240,240,1,1,7.23,,,7.23,7.23,0.13,0.13,,1248,
           ,BG-1.....25 - NXE,BG-1.....25 - NXE-F.39            ,                ,F.39            ,PLT10*200,Q355    ,10,200,12842,1,1,201.63,201.63,201.63,201.63,201.63,5.4,5.4,,,
           ,BG-1.....25 - NXE,BG-1.....25 - NXE-F.43            ,                ,F.43            ,PLT10*200,Q355    ,10,200,12421,1,1,191.25,191.25,191.25,191.25,191.25,5.12,5.12,,,
           ,BG-1.....25 - NXE,BG-1.....25 - NXE-GP.10           ,                ,GP.10           ,PLT6*207,Q355    ,6,207,267,1,1,2,,,2,2,0.09,0.09,,1196.4,
           ,BG-1.....25 - NXE,BG-1.....25 - NXE-R.1             ,                ,R.1             ,PLT6*100,Q355    ,6,100,100,2,2,0.31,,,0.62,0.62,0.02,0.03,,,
           ,BG-1.....25 - NXE,BG-1.....25 - NXE-R.3             ,                ,R.3             ,PLT6*50,Q355    ,6,50,200,11,11,0.24,,,2.64,2.64,0.01,0.14,,,
           ,BG-1.....25 - NXE,BG-1.....25 - NXE-RP.1            ,                ,RP.1            ,PLT6*68,Q345    ,6,68,68,16,16,0.12,,,1.92,1.92,0.01,0.1,,,
           ,BG-1.....25 - NXE,BG-1.....25 - NXE-S.1             ,                ,S.1             ,PLT6*96,Q355    ,6,96,280,6,6,1.25,,,7.52,7.52,0.06,0.35,,5203.2,
           ,BG-1.....25 - NXE,BG-1.....25 - NXE-S.4             ,                ,S.4             ,PLT6*96,Q355    ,6,96,276,2,2,1.23,,,2.46,2.46,0.06,0.11,,1718.4,
           ,BG-1.....25 - NXE,BG-1.....25 - NXE-SP.1            ,                ,SP.1            ,PLT6*97,Q355    ,6,97,130,14,14,0.58,,,8.12,8.12,0.03,0.38,,7985.6,
           ,BG-1.....25 - NXE,BG-1.....25 - NXE-SP.2            ,                ,SP.2            ,PLT6*97,Q355    ,6,97,280,8,8,1.26,,,10.08,10.08,0.06,0.46,,6963.2,
           ,BG-1.....25 - NXE,BG-1.....25 - NXE-W.23            ,                ,W.23            ,PLT6*300.7,Q355    ,6,300,12865,1,1,169.33,169.33,169.33,169.33,169.33,7.35,7.35,51460,,
18,BG-1.....25 - NXE,BG-1.....25 - NXE-SB.1.1          ,BEAM            ,SB.1.1          ,H300*200*6*10,Q355    ,,          ,5379,       ,141,             ,239.89,33824.49,239.89,33824.49,5.34,1072.72,,0,
           ,BG-1.....25 - NXE,BG-1.....25 - NXE-F.50            ,                ,F.50            ,PLT10*200,Q355    ,10,200,5379,2,282,84.47,168.94,23820.54,168.94,23820.54,2.26,638.34,,,
           ,BG-1.....25 - NXE,BG-1.....25 - NXE-W.30            ,                ,W.30            ,PLT6*280,Q355    ,6,280,5379,1,141,70.95,70.95,10003.95,70.95,10003.95,3.08,434.38,3033756,,
19,BG-1.....25 - NXE,BG-1.....25 - NXE-SB.1.2          ,BEAM            ,SB.1.2          ,H300*200*6*10,Q355    ,,          ,5468,       ,14,             ,242.02,3388.28,242.02,3388.28,5.39,107.46,,0,
           ,BG-1.....25 - NXE,BG-1.....25 - NXE-F.64            ,                ,F.64            ,PLT10*200,Q355    ,10,200,5429,2,28,85.22,170.44,2386.16,170.44,2386.16,2.28,63.95,,,
           ,BG-1.....25 - NXE,BG-1.....25 - NXE-W.42            ,                ,W.42            ,PLT6*280,Q355    ,6,280,5465,1,14,71.58,71.58,1002.12,71.58,1002.12,3.11,43.51,306040,,
20,BG-1.....25 - NXE,BG-1.....25 - NXE-SBT1.1          ,COT             ,SBT1.1          ,H200X200X8X12,Q355    ,,          ,8730,       ,3,             ,563.99,1691.97,571.65,2063.64,9.74,53.68,,50656.8,
           ,BG-1.....25 - NXE,BG-1.....25 - NXE-BP.1            ,                ,BP.1            ,PLT16*240,Q355    ,16,240,240,1,3,7.23,,,7.23,21.69,0.13,0.39,,3744,
           ,BG-1.....25 - NXE,BG-1.....25 - NXE-F.21            ,                ,F.21            ,PLT12*200,Q355    ,12,200,8714,2,6,164.17,328.34,985.02,328.34,985.02,3.7,22.2,,,
           ,BG-1.....25 - NXE,BG-1.....25 - NXE-S.11            ,                ,S.11            ,PLT10*96,Q355    ,10,96,176,8,24,1.22,,,9.76,29.28,0.04,0.87,,15820.8,
           ,BG-1.....25 - NXE,BG-1.....25 - NXE-STB.1           ,                ,STB.1           ,D19,SS400   ,STUD BOLT D19,(Kg/m)    ,70,110,330,0.16,,,17.6,52.8,0,1.51,,0,
           ,BG-1.....25 - NXE,BG-1.....25 - NXE-W.13            ,                ,W.13            ,PLT8*176,Q355    ,8,176,8714,1,3,96.31,96.31,288.93,96.31,288.93,3.21,9.63,104568,,
           ,BG-1.....25 - NXE,BG-1.....25 - NXE-BK.1            ,                ,BK.1            ,H400*200*6*8,Q355    ,,          ,502,2,6,,,,,,,,,,
           ,BG-1.....25 - NXE,BG-1.....25 - NXE-CP.8            ,                ,CP.8            ,PLT16*240,Q355    ,16,240,599,1,6,18.09,,,18.09,108.54,0.31,1.89,,11796,
           ,BG-1.....25 - NXE,BG-1.....25 - NXE-F.56            ,                ,F.56            ,PLT8*200,Q355    ,8,200,484,1,6,6.08,6.08,36.48,6.08,36.48,0.2,1.23,,,
           ,BG-1.....25 - NXE,BG-1.....25 - NXE-F.57            ,                ,F.57            ,PLT8*200,Q355    ,8,200,486,1,6,6.11,6.11,36.66,6.11,36.66,0.21,1.23,,,
           ,BG-1.....25 - NXE,BG-1.....25 - NXE-R.1             ,                ,R.1             ,PLT6*100,Q355    ,6,100,100,2,12,0.31,,,0.62,3.72,0.02,0.18,,,
           ,BG-1.....25 - NXE,BG-1.....25 - NXE-W.25            ,                ,W.25            ,PLT6*384,Q355    ,6,384,486,1,6,8.71,8.71,52.26,8.71,52.26,0.38,2.28,11664,,
           ,BG-1.....25 - NXE,BG-1.....25 - NXE-BK.7            ,                ,BK.7            ,H300*200*6*10,Q355    ,,          ,596,3,9,,,,,,,,,,
           ,BG-1.....25 - NXE,BG-1.....25 - NXE-CP.2            ,                ,CP.2            ,PLT16*240,Q355    ,16,240,420,1,9,12.66,,,12.66,113.94,0.22,2,,14472,
           ,BG-1.....25 - NXE,BG-1.....25 - NXE-F.49            ,                ,F.49            ,PLT10*200,Q355    ,10,200,580,2,18,8.88,17.76,159.84,17.76,159.84,0.24,4.35,,,
           ,BG-1.....25 - NXE,BG-1.....25 - NXE-R.1             ,                ,R.1             ,PLT6*100,Q355    ,6,100,100,1,9,0.31,,,0.31,2.79,0.02,0.14,,,
           ,BG-1.....25 - NXE,BG-1.....25 - NXE-W.29            ,                ,W.29            ,PLT6*280,Q355    ,6,280,580,1,9,7.58,7.58,68.22,7.58,68.22,0.33,2.99,20880,,
           ,BG-1.....25 - NXE,BG-1.....25 - NXE-BK.16           ,                ,BK.16           ,H300*200*6*10,Q355    ,,          ,500,1,3,,,,,,,,,,
           ,BG-1.....25 - NXE,BG-1.....25 - NXE-CP.2            ,                ,CP.2            ,PLT16*240,Q355    ,16,240,420,1,3,12.66,,,12.66,37.98,0.22,0.67,,4824,
           ,BG-1.....25 - NXE,BG-1.....25 - NXE-F.67            ,                ,F.67            ,PLT10*200,Q355    ,10,200,483,2,6,7.6,15.2,45.6,15.2,45.6,0.21,1.24,,,
           ,BG-1.....25 - NXE,BG-1.....25 - NXE-R.1             ,                ,R.1             ,PLT6*100,Q355    ,6,100,100,1,3,0.31,,,0.31,0.93,0.02,0.05,,,
           ,BG-1.....25 - NXE,BG-1.....25 - NXE-W.46            ,                ,W.46            ,PLT6*280,Q355    ,6,280,484,1,3,6.32,6.32,18.96,6.32,18.96,0.28,0.83,5808,,
21,BG-1.....25 - NXE,BG-1.....25 - NXE-SBT1.2          ,COT             ,SBT1.2          ,H200X200X8X12,Q355    ,,          ,9179,       ,2,             ,703.27,1406.54,707.07,1807.3,13.08,47.53,,52267.2,
           ,BG-1.....25 - NXE,BG-1.....25 - NXE-BP.1            ,                ,BP.1            ,PLT16*240,Q355    ,16,240,240,1,2,7.23,,,7.23,14.46,0.13,0.26,,2496,
           ,BG-1.....25 - NXE,BG-1.....25 - NXE-F.27            ,                ,F.27            ,PLT12*200,Q355    ,12,200,9024,2,4,170.01,340.02,680.04,340.02,680.04,3.83,15.32,,,
           ,BG-1.....25 - NXE,BG-1.....25 - NXE-S.5             ,                ,S.5             ,PLT10*96,Q355    ,10,96,175,2,4,1.29,,,2.58,5.16,0.04,0.15,,2628.8,
           ,BG-1.....25 - NXE,BG-1.....25 - NXE-S.11            ,                ,S.11            ,PLT10*96,Q355    ,10,96,176,6,12,1.22,,,7.32,14.64,0.04,0.43,,7910.4,
           ,BG-1.....25 - NXE,BG-1.....25 - NXE-STB.1           ,                ,STB.1           ,D19,SS400   ,STUD BOLT D19,(Kg/m)    ,70,106,212,0.16,,,16.96,33.92,0,0.97,,0,
           ,BG-1.....25 - NXE,BG-1.....25 - NXE-W.16            ,                ,W.16            ,PLT8*176,Q355    ,8,176,9024,1,2,99.74,99.74,199.48,99.74,199.48,3.32,6.65,72192,,
           ,BG-1.....25 - NXE,BG-1.....25 - NXE-BK.1            ,                ,BK.1            ,H400*200*6*8,Q355    ,,          ,502,2,4,,,,,,,,,,
           ,BG-1.....25 - NXE,BG-1.....25 - NXE-CP.8            ,                ,CP.8            ,PLT16*240,Q355    ,16,240,599,1,4,18.09,,,18.09,72.36,0.31,1.26,,7864,
           ,BG-1.....25 - NXE,BG-1.....25 - NXE-F.56            ,                ,F.56            ,PLT8*200,Q355    ,8,200,484,1,4,6.08,6.08,24.32,6.08,24.32,0.2,0.82,,,
           ,BG-1.....25 - NXE,BG-1.....25 - NXE-F.57            ,                ,F.57            ,PLT8*200,Q355    ,8,200,486,1,4,6.11,6.11,24.44,6.11,24.44,0.21,0.82,,,
           ,BG-1.....25 - NXE,BG-1.....25 - NXE-R.1             ,                ,R.1             ,PLT6*100,Q355    ,6,100,100,2,8,0.31,,,0.62,2.48,0.02,0.12,,,
           ,BG-1.....25 - NXE,BG-1.....25 - NXE-W.25            ,                ,W.25            ,PLT6*384,Q355    ,6,384,486,1,4,8.71,8.71,34.84,8.71,34.84,0.38,1.52,7776,,
           ,BG-1.....25 - NXE,BG-1.....25 - NXE-BK.2            ,                ,BK.2            ,H400*200*6*8,Q355    ,,          ,499,2,4,,,,,,,,,,
           ,BG-1.....25 - NXE,BG-1.....25 - NXE-CP.8            ,                ,CP.8            ,PLT16*240,Q355    ,16,240,599,1,4,18.09,,,18.09,72.36,0.31,1.26,,7864,
           ,BG-1.....25 - NXE,BG-1.....25 - NXE-F.56            ,                ,F.56            ,PLT8*200,Q355    ,8,200,484,1,4,6.08,6.08,24.32,6.08,24.32,0.2,0.82,,,
           ,BG-1.....25 - NXE,BG-1.....25 - NXE-F.66            ,                ,F.66            ,PLT8*200,Q355    ,8,200,481,1,4,6.05,6.05,24.2,6.05,24.2,0.2,0.81,,,
           ,BG-1.....25 - NXE,BG-1.....25 - NXE-R.1             ,                ,R.1             ,PLT6*100,Q355    ,6,100,100,2,8,0.31,,,0.62,2.48,0.02,0.12,,,
           ,BG-1.....25 - NXE,BG-1.....25 - NXE-W.27            ,                ,W.27            ,PLT6*384,Q355    ,6,384,483,1,4,8.67,8.67,34.68,8.67,34.68,0.38,1.51,7728,,
           ,BG-1.....25 - NXE,BG-1.....25 - NXE-BK.7            ,                ,BK.7            ,H300*200*6*10,Q355    ,,          ,596,3,6,,,,,,,,,,
           ,BG-1.....25 - NXE,BG-1.....25 - NXE-CP.2            ,                ,CP.2            ,PLT16*240,Q355    ,16,240,420,1,6,12.66,,,12.66,75.96,0.22,1.34,,9648,
           ,BG-1.....25 - NXE,BG-1.....25 - NXE-F.49            ,                ,F.49            ,PLT10*200,Q355    ,10,200,580,2,12,8.88,17.76,106.56,17.76,106.56,0.24,2.9,,,
           ,BG-1.....25 - NXE,BG-1.....25 - NXE-R.1             ,                ,R.1             ,PLT6*100,Q355    ,6,100,100,1,6,0.31,,,0.31,1.86,0.02,0.09,,,
           ,BG-1.....25 - NXE,BG-1.....25 - NXE-W.29            ,                ,W.29            ,PLT6*280,Q355    ,6,280,580,1,6,7.58,7.58,45.48,7.58,45.48,0.33,1.99,13920,,
           ,BG-1.....25 - NXE,BG-1.....25 - NXE-BK.16           ,                ,BK.16           ,H300*200*6*10,Q355    ,,          ,500,1,2,,,,,,,,,,
           ,BG-1.....25 - NXE,BG-1.....25 - NXE-CP.2            ,                ,CP.2            ,PLT16*240,Q355    ,16,240,420,1,2,12.66,,,12.66,25.32,0.22,0.45,,3216,
           ,BG-1.....25 - NXE,BG-1.....25 - NXE-F.67            ,                ,F.67            ,PLT10*200,Q355    ,10,200,483,2,4,7.6,15.2,30.4,15.2,30.4,0.21,0.83,,,
           ,BG-1.....25 - NXE,BG-1.....25 - NXE-R.1             ,                ,R.1             ,PLT6*100,Q355    ,6,100,100,1,2,0.31,,,0.31,0.62,0.02,0.03,,,
           ,BG-1.....25 - NXE,BG-1.....25 - NXE-W.46            ,                ,W.46            ,PLT6*280,Q355    ,6,280,484,1,2,6.32,6.32,12.64,6.32,12.64,0.28,0.55,3872,,
           ,BG-1.....25 - NXE,BG-1.....25 - NXE-BK.17           ,                ,BK.17           ,H300*200*8*10,Q355    ,,          ,596,2,4,,,,,,,,,,
           ,BG-1.....25 - NXE,BG-1.....25 - NXE-CP.2            ,                ,CP.2            ,PLT16*240,Q355    ,16,240,420,1,4,12.66,,,12.66,50.64,0.22,0.89,,6432,
           ,BG-1.....25 - NXE,BG-1.....25 - NXE-F.49            ,                ,F.49            ,PLT10*200,Q355    ,10,200,580,2,8,8.88,17.76,71.04,17.76,71.04,0.24,1.93,,,
           ,BG-1.....25 - NXE,BG-1.....25 - NXE-R.1             ,                ,R.1             ,PLT6*100,Q355    ,6,100,100,1,4,0.31,,,0.31,1.24,0.02,0.06,,,
           ,BG-1.....25 - NXE,BG-1.....25 - NXE-W.44            ,                ,W.44            ,PLT8*280,Q355    ,8,280,580,1,4,10.11,10.11,40.44,10.11,40.44,0.34,1.34,9280,,
           ,BG-1.....25 - NXE,BG-1.....25 - NXE-SRT2.1          ,                ,SRT2.1          ,H300X200X6X10,Q355    ,,          ,631,1,2,,,,,,,,,0,
           ,BG-1.....25 - NXE,BG-1.....25 - NXE-CP.6            ,                ,CP.6            ,PLT6*80,Q345    ,6,80,120,1,2,0.42,,,0.42,0.84,0.02,0.04,,992,
           ,BG-1.....25 - NXE,BG-1.....25 - NXE-EP.3            ,                ,EP.3            ,PLT16*240,Q355    ,16,240,420,1,2,12.66,,,12.66,25.32,0.22,0.45,,3216,
           ,BG-1.....25 - NXE,BG-1.....25 - NXE-F.70            ,                ,F.70            ,PLT10*200,Q355    ,10,200,586,1,2,9.22,9.22,18.44,9.22,18.44,0.25,0.5,,,
           ,BG-1.....25 - NXE,BG-1.....25 - NXE-F.71            ,                ,F.71            ,PLT10*200,Q355    ,10,200,615,1,2,9.67,9.67,19.34,9.67,19.34,0.26,0.53,,,
           ,BG-1.....25 - NXE,BG-1.....25 - NXE-R.1             ,                ,R.1             ,PLT6*100,Q355    ,6,100,100,1,2,0.31,,,0.31,0.62,0.02,0.03,,,
           ,BG-1.....25 - NXE,BG-1.....25 - NXE-RP.1            ,                ,RP.1            ,PLT6*68,Q345    ,6,68,68,2,4,0.12,,,0.24,0.48,0.01,0.02,,,
           ,BG-1.....25 - NXE,BG-1.....25 - NXE-W.45            ,                ,W.45            ,PLT6*280,Q355    ,6,280,615,1,2,7.94,7.94,15.88,7.94,15.88,0.35,0.7,4920,,
22,BG-1.....25 - NXE,BG-1.....25 - NXE-SBT1.3          ,COT             ,SBT1.3          ,H200X200X8X12,Q355    ,,          ,8730,       ,3,             ,563.99,1691.97,571.65,2063.64,9.74,53.68,,50656.8,
           ,BG-1.....25 - NXE,BG-1.....25 - NXE-BP.1            ,                ,BP.1            ,PLT16*240,Q355    ,16,240,240,1,3,7.23,,,7.23,21.69,0.13,0.39,,3744,
           ,BG-1.....25 - NXE,BG-1.....25 - NXE-F.21            ,                ,F.21            ,PLT12*200,Q355    ,12,200,8714,2,6,164.17,328.34,985.02,328.34,985.02,3.7,22.2,,,
           ,BG-1.....25 - NXE,BG-1.....25 - NXE-S.11            ,                ,S.11            ,PLT10*96,Q355    ,10,96,176,8,24,1.22,,,9.76,29.28,0.04,0.87,,15820.8,
           ,BG-1.....25 - NXE,BG-1.....25 - NXE-STB.1           ,                ,STB.1           ,D19,SS400   ,STUD BOLT D19,(Kg/m)    ,70,110,330,0.16,,,17.6,52.8,0,1.51,,0,
           ,BG-1.....25 - NXE,BG-1.....25 - NXE-W.13            ,                ,W.13            ,PLT8*176,Q355    ,8,176,8714,1,3,96.31,96.31,288.93,96.31,288.93,3.21,9.63,104568,,
           ,BG-1.....25 - NXE,BG-1.....25 - NXE-BK.1            ,                ,BK.1            ,H400*200*6*8,Q355    ,,          ,502,2,6,,,,,,,,,,
           ,BG-1.....25 - NXE,BG-1.....25 - NXE-CP.8            ,                ,CP.8            ,PLT16*240,Q355    ,16,240,599,1,6,18.09,,,18.09,108.54,0.31,1.89,,11796,
           ,BG-1.....25 - NXE,BG-1.....25 - NXE-F.56            ,                ,F.56            ,PLT8*200,Q355    ,8,200,484,1,6,6.08,6.08,36.48,6.08,36.48,0.2,1.23,,,
           ,BG-1.....25 - NXE,BG-1.....25 - NXE-F.57            ,                ,F.57            ,PLT8*200,Q355    ,8,200,486,1,6,6.11,6.11,36.66,6.11,36.66,0.21,1.23,,,
           ,BG-1.....25 - NXE,BG-1.....25 - NXE-R.1             ,                ,R.1             ,PLT6*100,Q355    ,6,100,100,2,12,0.31,,,0.62,3.72,0.02,0.18,,,
           ,BG-1.....25 - NXE,BG-1.....25 - NXE-W.25            ,                ,W.25            ,PLT6*384,Q355    ,6,384,486,1,6,8.71,8.71,52.26,8.71,52.26,0.38,2.28,11664,,
           ,BG-1.....25 - NXE,BG-1.....25 - NXE-BK.7            ,                ,BK.7            ,H300*200*6*10,Q355    ,,          ,596,3,9,,,,,,,,,,
           ,BG-1.....25 - NXE,BG-1.....25 - NXE-CP.2            ,                ,CP.2            ,PLT16*240,Q355    ,16,240,420,1,9,12.66,,,12.66,113.94,0.22,2,,14472,
           ,BG-1.....25 - NXE,BG-1.....25 - NXE-F.49            ,                ,F.49            ,PLT10*200,Q355    ,10,200,580,2,18,8.88,17.76,159.84,17.76,159.84,0.24,4.35,,,
           ,BG-1.....25 - NXE,BG-1.....25 - NXE-R.1             ,                ,R.1             ,PLT6*100,Q355    ,6,100,100,1,9,0.31,,,0.31,2.79,0.02,0.14,,,
           ,BG-1.....25 - NXE,BG-1.....25 - NXE-W.29            ,                ,W.29            ,PLT6*280,Q355    ,6,280,580,1,9,7.58,7.58,68.22,7.58,68.22,0.33,2.99,20880,,
           ,BG-1.....25 - NXE,BG-1.....25 - NXE-BK.16           ,                ,BK.16           ,H300*200*6*10,Q355    ,,          ,500,1,3,,,,,,,,,,
           ,BG-1.....25 - NXE,BG-1.....25 - NXE-CP.2            ,                ,CP.2            ,PLT16*240,Q355    ,16,240,420,1,3,12.66,,,12.66,37.98,0.22,0.67,,4824,
           ,BG-1.....25 - NXE,BG-1.....25 - NXE-F.67            ,                ,F.67            ,PLT10*200,Q355    ,10,200,483,2,6,7.6,15.2,45.6,15.2,45.6,0.21,1.24,,,
           ,BG-1.....25 - NXE,BG-1.....25 - NXE-R.1             ,                ,R.1             ,PLT6*100,Q355    ,6,100,100,1,3,0.31,,,0.31,0.93,0.02,0.05,,,
           ,BG-1.....25 - NXE,BG-1.....25 - NXE-W.46            ,                ,W.46            ,PLT6*280,Q355    ,6,280,484,1,3,6.32,6.32,18.96,6.32,18.96,0.28,0.83,5808,,
23,BG-1.....25 - NXE,BG-1.....25 - NXE-SBT1.4          ,COT             ,SBT1.4          ,H200X200X8X12,Q355    ,,          ,9179,       ,2,             ,703.27,1406.54,707.07,1807.3,13.08,47.53,,52267.2,
           ,BG-1.....25 - NXE,BG-1.....25 - NXE-BP.1            ,                ,BP.1            ,PLT16*240,Q355    ,16,240,240,1,2,7.23,,,7.23,14.46,0.13,0.26,,2496,
           ,BG-1.....25 - NXE,BG-1.....25 - NXE-F.27            ,                ,F.27            ,PLT12*200,Q355    ,12,200,9024,2,4,170.01,340.02,680.04,340.02,680.04,3.83,15.32,,,
           ,BG-1.....25 - NXE,BG-1.....25 - NXE-S.5             ,                ,S.5             ,PLT10*96,Q355    ,10,96,175,2,4,1.29,,,2.58,5.16,0.04,0.15,,2628.8,
           ,BG-1.....25 - NXE,BG-1.....25 - NXE-S.11            ,                ,S.11            ,PLT10*96,Q355    ,10,96,176,6,12,1.22,,,7.32,14.64,0.04,0.43,,7910.4,
           ,BG-1.....25 - NXE,BG-1.....25 - NXE-STB.1           ,                ,STB.1           ,D19,SS400   ,STUD BOLT D19,(Kg/m)    ,70,106,212,0.16,,,16.96,33.92,0,0.97,,0,
           ,BG-1.....25 - NXE,BG-1.....25 - NXE-W.16            ,                ,W.16            ,PLT8*176,Q355    ,8,176,9024,1,2,99.74,99.74,199.48,99.74,199.48,3.32,6.65,72192,,
           ,BG-1.....25 - NXE,BG-1.....25 - NXE-BK.1            ,                ,BK.1            ,H400*200*6*8,Q355    ,,          ,502,2,4,,,,,,,,,,
           ,BG-1.....25 - NXE,BG-1.....25 - NXE-CP.8            ,                ,CP.8            ,PLT16*240,Q355    ,16,240,599,1,4,18.09,,,18.09,72.36,0.31,1.26,,7864,
           ,BG-1.....25 - NXE,BG-1.....25 - NXE-F.56            ,                ,F.56            ,PLT8*200,Q355    ,8,200,484,1,4,6.08,6.08,24.32,6.08,24.32,0.2,0.82,,,
           ,BG-1.....25 - NXE,BG-1.....25 - NXE-F.57            ,                ,F.57            ,PLT8*200,Q355    ,8,200,486,1,4,6.11,6.11,24.44,6.11,24.44,0.21,0.82,,,
           ,BG-1.....25 - NXE,BG-1.....25 - NXE-R.1             ,                ,R.1             ,PLT6*100,Q355    ,6,100,100,2,8,0.31,,,0.62,2.48,0.02,0.12,,,
           ,BG-1.....25 - NXE,BG-1.....25 - NXE-W.25            ,                ,W.25            ,PLT6*384,Q355    ,6,384,486,1,4,8.71,8.71,34.84,8.71,34.84,0.38,1.52,7776,,
           ,BG-1.....25 - NXE,BG-1.....25 - NXE-BK.2            ,                ,BK.2            ,H400*200*6*8,Q355    ,,          ,499,2,4,,,,,,,,,,
           ,BG-1.....25 - NXE,BG-1.....25 - NXE-CP.8            ,                ,CP.8            ,PLT16*240,Q355    ,16,240,599,1,4,18.09,,,18.09,72.36,0.31,1.26,,7864,
           ,BG-1.....25 - NXE,BG-1.....25 - NXE-F.56            ,                ,F.56            ,PLT8*200,Q355    ,8,200,484,1,4,6.08,6.08,24.32,6.08,24.32,0.2,0.82,,,
           ,BG-1.....25 - NXE,BG-1.....25 - NXE-F.66            ,                ,F.66            ,PLT8*200,Q355    ,8,200,481,1,4,6.05,6.05,24.2,6.05,24.2,0.2,0.81,,,
           ,BG-1.....25 - NXE,BG-1.....25 - NXE-R.1             ,                ,R.1             ,PLT6*100,Q355    ,6,100,100,2,8,0.31,,,0.62,2.48,0.02,0.12,,,
           ,BG-1.....25 - NXE,BG-1.....25 - NXE-W.27            ,                ,W.27            ,PLT6*384,Q355    ,6,384,483,1,4,8.67,8.67,34.68,8.67,34.68,0.38,1.51,7728,,
           ,BG-1.....25 - NXE,BG-1.....25 - NXE-BK.7            ,                ,BK.7            ,H300*200*6*10,Q355    ,,          ,596,3,6,,,,,,,,,,
           ,BG-1.....25 - NXE,BG-1.....25 - NXE-CP.2            ,                ,CP.2            ,PLT16*240,Q355    ,16,240,420,1,6,12.66,,,12.66,75.96,0.22,1.34,,9648,
           ,BG-1.....25 - NXE,BG-1.....25 - NXE-F.49            ,                ,F.49            ,PLT10*200,Q355    ,10,200,580,2,12,8.88,17.76,106.56,17.76,106.56,0.24,2.9,,,
           ,BG-1.....25 - NXE,BG-1.....25 - NXE-R.1             ,                ,R.1             ,PLT6*100,Q355    ,6,100,100,1,6,0.31,,,0.31,1.86,0.02,0.09,,,
           ,BG-1.....25 - NXE,BG-1.....25 - NXE-W.29            ,                ,W.29            ,PLT6*280,Q355    ,6,280,580,1,6,7.58,7.58,45.48,7.58,45.48,0.33,1.99,13920,,
           ,BG-1.....25 - NXE,BG-1.....25 - NXE-BK.16           ,                ,BK.16           ,H300*200*6*10,Q355    ,,          ,500,1,2,,,,,,,,,,
           ,BG-1.....25 - NXE,BG-1.....25 - NXE-CP.2            ,                ,CP.2            ,PLT16*240,Q355    ,16,240,420,1,2,12.66,,,12.66,25.32,0.22,0.45,,3216,
           ,BG-1.....25 - NXE,BG-1.....25 - NXE-F.67            ,                ,F.67            ,PLT10*200,Q355    ,10,200,483,2,4,7.6,15.2,30.4,15.2,30.4,0.21,0.83,,,
           ,BG-1.....25 - NXE,BG-1.....25 - NXE-R.1             ,                ,R.1             ,PLT6*100,Q355    ,6,100,100,1,2,0.31,,,0.31,0.62,0.02,0.03,,,
           ,BG-1.....25 - NXE,BG-1.....25 - NXE-W.46            ,                ,W.46            ,PLT6*280,Q355    ,6,280,484,1,2,6.32,6.32,12.64,6.32,12.64,0.28,0.55,3872,,
           ,BG-1.....25 - NXE,BG-1.....25 - NXE-BK.17           ,                ,BK.17           ,H300*200*8*10,Q355    ,,          ,596,2,4,,,,,,,,,,
           ,BG-1.....25 - NXE,BG-1.....25 - NXE-CP.2            ,                ,CP.2            ,PLT16*240,Q355    ,16,240,420,1,4,12.66,,,12.66,50.64,0.22,0.89,,6432,
           ,BG-1.....25 - NXE,BG-1.....25 - NXE-F.49            ,                ,F.49            ,PLT10*200,Q355    ,10,200,580,2,8,8.88,17.76,71.04,17.76,71.04,0.24,1.93,,,
           ,BG-1.....25 - NXE,BG-1.....25 - NXE-R.1             ,                ,R.1             ,PLT6*100,Q355    ,6,100,100,1,4,0.31,,,0.31,1.24,0.02,0.06,,,
           ,BG-1.....25 - NXE,BG-1.....25 - NXE-W.44            ,                ,W.44            ,PLT8*280,Q355    ,8,280,580,1,4,10.11,10.11,40.44,10.11,40.44,0.34,1.34,9280,,
           ,BG-1.....25 - NXE,BG-1.....25 - NXE-SRT2.2          ,                ,SRT2.2          ,H300X200X6X10,Q355    ,,          ,631,1,2,,,,,,,,,0,
           ,BG-1.....25 - NXE,BG-1.....25 - NXE-CP.6            ,                ,CP.6            ,PLT6*80,Q345    ,6,80,120,1,2,0.42,,,0.42,0.84,0.02,0.04,,992,
           ,BG-1.....25 - NXE,BG-1.....25 - NXE-EP.3            ,                ,EP.3            ,PLT16*240,Q355    ,16,240,420,1,2,12.66,,,12.66,25.32,0.22,0.45,,3216,
           ,BG-1.....25 - NXE,BG-1.....25 - NXE-F.70            ,                ,F.70            ,PLT10*200,Q355    ,10,200,586,1,2,9.22,9.22,18.44,9.22,18.44,0.25,0.5,,,
           ,BG-1.....25 - NXE,BG-1.....25 - NXE-F.71            ,                ,F.71            ,PLT10*200,Q355    ,10,200,615,1,2,9.67,9.67,19.34,9.67,19.34,0.26,0.53,,,
           ,BG-1.....25 - NXE,BG-1.....25 - NXE-R.1             ,                ,R.1             ,PLT6*100,Q355    ,6,100,100,1,2,0.31,,,0.31,0.62,0.02,0.03,,,
           ,BG-1.....25 - NXE,BG-1.....25 - NXE-RP.1            ,                ,RP.1            ,PLT6*68,Q345    ,6,68,68,2,4,0.12,,,0.24,0.48,0.01,0.02,,,
           ,BG-1.....25 - NXE,BG-1.....25 - NXE-W.45            ,                ,W.45            ,PLT6*280,Q355    ,6,280,615,1,2,7.94,7.94,15.88,7.94,15.88,0.35,0.7,4920,,
24,BG-1.....25 - NXE,BG-1.....25 - NXE-SBT1.5          ,COT             ,SBT1.5          ,H200X200X8X12,Q355    ,,          ,9179,       ,1,             ,703.27,703.27,706.41,902.99,13.05,23.73,,25637.6,
           ,BG-1.....25 - NXE,BG-1.....25 - NXE-BP.1            ,                ,BP.1            ,PLT16*240,Q355    ,16,240,240,1,1,7.23,,,7.23,7.23,0.13,0.13,,1248,
           ,BG-1.....25 - NXE,BG-1.....25 - NXE-F.27            ,                ,F.27            ,PLT12*200,Q355    ,12,200,9024,2,2,170.01,340.02,340.02,340.02,340.02,3.83,7.66,,,
           ,BG-1.....25 - NXE,BG-1.....25 - NXE-S.5             ,                ,S.5             ,PLT10*96,Q355    ,10,96,175,2,2,1.29,,,2.58,2.58,0.04,0.08,,1314.4,
           ,BG-1.....25 - NXE,BG-1.....25 - NXE-S.11            ,                ,S.11            ,PLT10*96,Q355    ,10,96,176,6,6,1.22,,,7.32,7.32,0.04,0.22,,3955.2,
           ,BG-1.....25 - NXE,BG-1.....25 - NXE-STB.1           ,                ,STB.1           ,D19,SS400   ,STUD BOLT D19,(Kg/m)    ,70,106,106,0.16,,,16.96,16.96,0,0.49,,0,
           ,BG-1.....25 - NXE,BG-1.....25 - NXE-W.16            ,                ,W.16            ,PLT8*176,Q355    ,8,176,9024,1,1,99.74,99.74,99.74,99.74,99.74,3.32,3.32,36096,,
           ,BG-1.....25 - NXE,BG-1.....25 - NXE-BK.1            ,                ,BK.1            ,H400*200*6*8,Q355    ,,          ,502,2,2,,,,,,,,,,
           ,BG-1.....25 - NXE,BG-1.....25 - NXE-CP.8            ,                ,CP.8            ,PLT16*240,Q355    ,16,240,599,1,2,18.09,,,18.09,36.18,0.31,0.63,,3932,
           ,BG-1.....25 - NXE,BG-1.....25 - NXE-F.56            ,                ,F.56            ,PLT8*200,Q355    ,8,200,484,1,2,6.08,6.08,12.16,6.08,12.16,0.2,0.41,,,
           ,BG-1.....25 - NXE,BG-1.....25 - NXE-F.57            ,                ,F.57            ,PLT8*200,Q355    ,8,200,486,1,2,6.11,6.11,12.22,6.11,12.22,0.21,0.41,,,
           ,BG-1.....25 - NXE,BG-1.....25 - NXE-R.1             ,                ,R.1             ,PLT6*100,Q355    ,6,100,100,2,4,0.31,,,0.62,1.24,0.02,0.06,,,
           ,BG-1.....25 - NXE,BG-1.....25 - NXE-W.25            ,                ,W.25            ,PLT6*384,Q355    ,6,384,486,1,2,8.71,8.71,17.42,8.71,17.42,0.38,0.76,3888,,
           ,BG-1.....25 - NXE,BG-1.....25 - NXE-BK.2            ,                ,BK.2            ,H400*200*6*8,Q355    ,,          ,499,2,2,,,,,,,,,,
           ,BG-1.....25 - NXE,BG-1.....25 - NXE-CP.8            ,                ,CP.8            ,PLT16*240,Q355    ,16,240,599,1,2,18.09,,,18.09,36.18,0.31,0.63,,3932,
           ,BG-1.....25 - NXE,BG-1.....25 - NXE-F.56            ,                ,F.56            ,PLT8*200,Q355    ,8,200,484,1,2,6.08,6.08,12.16,6.08,12.16,0.2,0.41,,,
           ,BG-1.....25 - NXE,BG-1.....25 - NXE-F.66            ,                ,F.66            ,PLT8*200,Q355    ,8,200,481,1,2,6.05,6.05,12.1,6.05,12.1,0.2,0.41,,,
           ,BG-1.....25 - NXE,BG-1.....25 - NXE-R.1             ,                ,R.1             ,PLT6*100,Q355    ,6,100,100,2,4,0.31,,,0.62,1.24,0.02,0.06,,,
           ,BG-1.....25 - NXE,BG-1.....25 - NXE-W.27            ,                ,W.27            ,PLT6*384,Q355    ,6,384,483,1,2,8.67,8.67,17.34,8.67,17.34,0.38,0.76,3864,,
           ,BG-1.....25 - NXE,BG-1.....25 - NXE-BK.7            ,                ,BK.7            ,H300*200*6*10,Q355    ,,          ,596,3,3,,,,,,,,,,
           ,BG-1.....25 - NXE,BG-1.....25 - NXE-CP.2            ,                ,CP.2            ,PLT16*240,Q355    ,16,240,420,1,3,12.66,,,12.66,37.98,0.22,0.67,,4824,
           ,BG-1.....25 - NXE,BG-1.....25 - NXE-F.49            ,                ,F.49            ,PLT10*200,Q355    ,10,200,580,2,6,8.88,17.76,53.28,17.76,53.28,0.24,1.45,,,
           ,BG-1.....25 - NXE,BG-1.....25 - NXE-R.1             ,                ,R.1             ,PLT6*100,Q355    ,6,100,100,1,3,0.31,,,0.31,0.93,0.02,0.05,,,
           ,BG-1.....25 - NXE,BG-1.....25 - NXE-W.29            ,                ,W.29            ,PLT6*280,Q355    ,6,280,580,1,3,7.58,7.58,22.74,7.58,22.74,0.33,1,6960,,
           ,BG-1.....25 - NXE,BG-1.....25 - NXE-BK.16           ,                ,BK.16           ,H300*200*6*10,Q355    ,,          ,500,1,1,,,,,,,,,,
           ,BG-1.....25 - NXE,BG-1.....25 - NXE-CP.2            ,                ,CP.2            ,PLT16*240,Q355    ,16,240,420,1,1,12.66,,,12.66,12.66,0.22,0.22,,1608,
           ,BG-1.....25 - NXE,BG-1.....25 - NXE-F.67            ,                ,F.67            ,PLT10*200,Q355    ,10,200,483,2,2,7.6,15.2,15.2,15.2,15.2,0.21,0.41,,,
           ,BG-1.....25 - NXE,BG-1.....25 - NXE-R.1             ,                ,R.1             ,PLT6*100,Q355    ,6,100,100,1,1,0.31,,,0.31,0.31,0.02,0.02,,,
           ,BG-1.....25 - NXE,BG-1.....25 - NXE-W.46            ,                ,W.46            ,PLT6*280,Q355    ,6,280,484,1,1,6.32,6.32,6.32,6.32,6.32,0.28,0.28,1936,,
           ,BG-1.....25 - NXE,BG-1.....25 - NXE-BK.17           ,                ,BK.17           ,H300*200*8*10,Q355    ,,          ,596,2,2,,,,,,,,,,
           ,BG-1.....25 - NXE,BG-1.....25 - NXE-CP.2            ,                ,CP.2            ,PLT16*240,Q355    ,16,240,420,1,2,12.66,,,12.66,25.32,0.22,0.45,,3216,
           ,BG-1.....25 - NXE,BG-1.....25 - NXE-F.49            ,                ,F.49            ,PLT10*200,Q355    ,10,200,580,2,4,8.88,17.76,35.52,17.76,35.52,0.24,0.97,,,
           ,BG-1.....25 - NXE,BG-1.....25 - NXE-R.1             ,                ,R.1             ,PLT6*100,Q355    ,6,100,100,1,2,0.31,,,0.31,0.62,0.02,0.03,,,
           ,BG-1.....25 - NXE,BG-1.....25 - NXE-W.44            ,                ,W.44            ,PLT8*280,Q355    ,8,280,580,1,2,10.11,10.11,20.22,10.11,20.22,0.34,0.67,4640,,
           ,BG-1.....25 - NXE,BG-1.....25 - NXE-SRT2.3          ,                ,SRT2.3          ,H300X200X6X10,Q355    ,,          ,631,1,1,,,,,,,,,0,
           ,BG-1.....25 - NXE,BG-1.....25 - NXE-EP.3            ,                ,EP.3            ,PLT16*240,Q355    ,16,240,420,1,1,12.66,,,12.66,12.66,0.22,0.22,,1608,
           ,BG-1.....25 - NXE,BG-1.....25 - NXE-F.70            ,                ,F.70            ,PLT10*200,Q355    ,10,200,586,1,1,9.22,9.22,9.22,9.22,9.22,0.25,0.25,,,
           ,BG-1.....25 - NXE,BG-1.....25 - NXE-F.71            ,                ,F.71            ,PLT10*200,Q355    ,10,200,615,1,1,9.67,9.67,9.67,9.67,9.67,0.26,0.26,,,
           ,BG-1.....25 - NXE,BG-1.....25 - NXE-R.1             ,                ,R.1             ,PLT6*100,Q355    ,6,100,100,1,1,0.31,,,0.31,0.31,0.02,0.02,,,
           ,BG-1.....25 - NXE,BG-1.....25 - NXE-W.47            ,                ,W.47            ,PLT6*280,Q355    ,6,280,615,1,1,7.94,7.94,7.94,7.94,7.94,0.35,0.35,2460,,
25,BG-1.....25 - NXE,BG-1.....25 - NXE-SBT1.6          ,COT             ,SBT1.6          ,H200X200X8X12,Q355    ,,          ,9179,       ,1,             ,703.27,703.27,706.41,902.99,13.05,23.73,,25637.6,
           ,BG-1.....25 - NXE,BG-1.....25 - NXE-BP.1            ,                ,BP.1            ,PLT16*240,Q355    ,16,240,240,1,1,7.23,,,7.23,7.23,0.13,0.13,,1248,
           ,BG-1.....25 - NXE,BG-1.....25 - NXE-F.27            ,                ,F.27            ,PLT12*200,Q355    ,12,200,9024,2,2,170.01,340.02,340.02,340.02,340.02,3.83,7.66,,,
           ,BG-1.....25 - NXE,BG-1.....25 - NXE-S.5             ,                ,S.5             ,PLT10*96,Q355    ,10,96,175,2,2,1.29,,,2.58,2.58,0.04,0.08,,1314.4,
           ,BG-1.....25 - NXE,BG-1.....25 - NXE-S.11            ,                ,S.11            ,PLT10*96,Q355    ,10,96,176,6,6,1.22,,,7.32,7.32,0.04,0.22,,3955.2,
           ,BG-1.....25 - NXE,BG-1.....25 - NXE-STB.1           ,                ,STB.1           ,D19,SS400   ,STUD BOLT D19,(Kg/m)    ,70,106,106,0.16,,,16.96,16.96,0,0.49,,0,
           ,BG-1.....25 - NXE,BG-1.....25 - NXE-W.16            ,                ,W.16            ,PLT8*176,Q355    ,8,176,9024,1,1,99.74,99.74,99.74,99.74,99.74,3.32,3.32,36096,,
           ,BG-1.....25 - NXE,BG-1.....25 - NXE-BK.1            ,                ,BK.1            ,H400*200*6*8,Q355    ,,          ,502,2,2,,,,,,,,,,
           ,BG-1.....25 - NXE,BG-1.....25 - NXE-CP.8            ,                ,CP.8            ,PLT16*240,Q355    ,16,240,599,1,2,18.09,,,18.09,36.18,0.31,0.63,,3932,
           ,BG-1.....25 - NXE,BG-1.....25 - NXE-F.56            ,                ,F.56            ,PLT8*200,Q355    ,8,200,484,1,2,6.08,6.08,12.16,6.08,12.16,0.2,0.41,,,
           ,BG-1.....25 - NXE,BG-1.....25 - NXE-F.57            ,                ,F.57            ,PLT8*200,Q355    ,8,200,486,1,2,6.11,6.11,12.22,6.11,12.22,0.21,0.41,,,
           ,BG-1.....25 - NXE,BG-1.....25 - NXE-R.1             ,                ,R.1             ,PLT6*100,Q355    ,6,100,100,2,4,0.31,,,0.62,1.24,0.02,0.06,,,
           ,BG-1.....25 - NXE,BG-1.....25 - NXE-W.25            ,                ,W.25            ,PLT6*384,Q355    ,6,384,486,1,2,8.71,8.71,17.42,8.71,17.42,0.38,0.76,3888,,
           ,BG-1.....25 - NXE,BG-1.....25 - NXE-BK.2            ,                ,BK.2            ,H400*200*6*8,Q355    ,,          ,499,2,2,,,,,,,,,,
           ,BG-1.....25 - NXE,BG-1.....25 - NXE-CP.8            ,                ,CP.8            ,PLT16*240,Q355    ,16,240,599,1,2,18.09,,,18.09,36.18,0.31,0.63,,3932,
           ,BG-1.....25 - NXE,BG-1.....25 - NXE-F.56            ,                ,F.56            ,PLT8*200,Q355    ,8,200,484,1,2,6.08,6.08,12.16,6.08,12.16,0.2,0.41,,,
           ,BG-1.....25 - NXE,BG-1.....25 - NXE-F.66            ,                ,F.66            ,PLT8*200,Q355    ,8,200,481,1,2,6.05,6.05,12.1,6.05,12.1,0.2,0.41,,,
           ,BG-1.....25 - NXE,BG-1.....25 - NXE-R.1             ,                ,R.1             ,PLT6*100,Q355    ,6,100,100,2,4,0.31,,,0.62,1.24,0.02,0.06,,,
           ,BG-1.....25 - NXE,BG-1.....25 - NXE-W.27            ,                ,W.27            ,PLT6*384,Q355    ,6,384,483,1,2,8.67,8.67,17.34,8.67,17.34,0.38,0.76,3864,,
           ,BG-1.....25 - NXE,BG-1.....25 - NXE-BK.7            ,                ,BK.7            ,H300*200*6*10,Q355    ,,          ,596,3,3,,,,,,,,,,
           ,BG-1.....25 - NXE,BG-1.....25 - NXE-CP.2            ,                ,CP.2            ,PLT16*240,Q355    ,16,240,420,1,3,12.66,,,12.66,37.98,0.22,0.67,,4824,
           ,BG-1.....25 - NXE,BG-1.....25 - NXE-F.49            ,                ,F.49            ,PLT10*200,Q355    ,10,200,580,2,6,8.88,17.76,53.28,17.76,53.28,0.24,1.45,,,
           ,BG-1.....25 - NXE,BG-1.....25 - NXE-R.1             ,                ,R.1             ,PLT6*100,Q355    ,6,100,100,1,3,0.31,,,0.31,0.93,0.02,0.05,,,
           ,BG-1.....25 - NXE,BG-1.....25 - NXE-W.29            ,                ,W.29            ,PLT6*280,Q355    ,6,280,580,1,3,7.58,7.58,22.74,7.58,22.74,0.33,1,6960,,
           ,BG-1.....25 - NXE,BG-1.....25 - NXE-BK.16           ,                ,BK.16           ,H300*200*6*10,Q355    ,,          ,500,1,1,,,,,,,,,,
           ,BG-1.....25 - NXE,BG-1.....25 - NXE-CP.2            ,                ,CP.2            ,PLT16*240,Q355    ,16,240,420,1,1,12.66,,,12.66,12.66,0.22,0.22,,1608,
           ,BG-1.....25 - NXE,BG-1.....25 - NXE-F.67            ,                ,F.67            ,PLT10*200,Q355    ,10,200,483,2,2,7.6,15.2,15.2,15.2,15.2,0.21,0.41,,,
           ,BG-1.....25 - NXE,BG-1.....25 - NXE-R.1             ,                ,R.1             ,PLT6*100,Q355    ,6,100,100,1,1,0.31,,,0.31,0.31,0.02,0.02,,,
           ,BG-1.....25 - NXE,BG-1.....25 - NXE-W.46            ,                ,W.46            ,PLT6*280,Q355    ,6,280,484,1,1,6.32,6.32,6.32,6.32,6.32,0.28,0.28,1936,,
           ,BG-1.....25 - NXE,BG-1.....25 - NXE-BK.17           ,                ,BK.17           ,H300*200*8*10,Q355    ,,          ,596,2,2,,,,,,,,,,
           ,BG-1.....25 - NXE,BG-1.....25 - NXE-CP.2            ,                ,CP.2            ,PLT16*240,Q355    ,16,240,420,1,2,12.66,,,12.66,25.32,0.22,0.45,,3216,
           ,BG-1.....25 - NXE,BG-1.....25 - NXE-F.49            ,                ,F.49            ,PLT10*200,Q355    ,10,200,580,2,4,8.88,17.76,35.52,17.76,35.52,0.24,0.97,,,
           ,BG-1.....25 - NXE,BG-1.....25 - NXE-R.1             ,                ,R.1             ,PLT6*100,Q355    ,6,100,100,1,2,0.31,,,0.31,0.62,0.02,0.03,,,
           ,BG-1.....25 - NXE,BG-1.....25 - NXE-W.44            ,                ,W.44            ,PLT8*280,Q355    ,8,280,580,1,2,10.11,10.11,20.22,10.11,20.22,0.34,0.67,4640,,
           ,BG-1.....25 - NXE,BG-1.....25 - NXE-SRT2.3          ,                ,SRT2.3          ,H300X200X6X10,Q355    ,,          ,631,1,1,,,,,,,,,0,
           ,BG-1.....25 - NXE,BG-1.....25 - NXE-EP.3            ,                ,EP.3            ,PLT16*240,Q355    ,16,240,420,1,1,12.66,,,12.66,12.66,0.22,0.22,,1608,
           ,BG-1.....25 - NXE,BG-1.....25 - NXE-F.70            ,                ,F.70            ,PLT10*200,Q355    ,10,200,586,1,1,9.22,9.22,9.22,9.22,9.22,0.25,0.25,,,
           ,BG-1.....25 - NXE,BG-1.....25 - NXE-F.71            ,                ,F.71            ,PLT10*200,Q355    ,10,200,615,1,1,9.67,9.67,9.67,9.67,9.67,0.26,0.26,,,
           ,BG-1.....25 - NXE,BG-1.....25 - NXE-R.1             ,                ,R.1             ,PLT6*100,Q355    ,6,100,100,1,1,0.31,,,0.31,0.31,0.02,0.02,,,
           ,BG-1.....25 - NXE,BG-1.....25 - NXE-W.47            ,                ,W.47            ,PLT6*280,Q355    ,6,280,615,1,1,7.94,7.94,7.94,7.94,7.94,0.35,0.35,2460,,
26,BG-1.....25 - NXE,BG-1.....25 - NXE-SC1.1           ,COT             ,SC1.1           ,H200X200X8X12,Q355    ,,          ,8502,       ,1,             ,505.28,505.28,519.71,597.63,9.1,15.43,,17367.2,
           ,BG-1.....25 - NXE,BG-1.....25 - NXE-BP.1            ,                ,BP.1            ,PLT16*240,Q355    ,16,240,240,1,1,7.23,,,7.23,7.23,0.13,0.13,,1248,
           ,BG-1.....25 - NXE,BG-1.....25 - NXE-EP.1            ,                ,EP.1            ,PLT16*240,Q355    ,16,240,320,1,1,9.65,,,9.65,9.65,0.17,0.17,,1408,
           ,BG-1.....25 - NXE,BG-1.....25 - NXE-F.1             ,                ,F.1             ,PLT12*200,Q355    ,12,200,8470,2,2,159.59,319.18,319.18,319.18,319.18,3.6,7.19,,,
           ,BG-1.....25 - NXE,BG-1.....25 - NXE-GP.3            ,                ,GP.3            ,PLT6*186,Q355    ,6,186,188,1,1,1.48,,,1.48,1.48,0.07,0.07,,971.2,
           ,BG-1.....25 - NXE,BG-1.....25 - NXE-R.1             ,                ,R.1             ,PLT6*100,Q355    ,6,100,100,1,1,0.31,,,0.31,0.31,0.02,0.02,,,
           ,BG-1.....25 - NXE,BG-1.....25 - NXE-S.7             ,                ,S.7             ,PLT6*96,Q355    ,6,96,176,4,4,0.75,,,3,3,0.03,0.14,,2636.8,
           ,BG-1.....25 - NXE,BG-1.....25 - NXE-S.11            ,                ,S.11            ,PLT10*96,Q355    ,10,96,176,6,6,1.22,,,7.32,7.32,0.04,0.22,,3955.2,
           ,BG-1.....25 - NXE,BG-1.....25 - NXE-W.1             ,                ,W.1             ,PLT8*176,Q355    ,8,176,8470,1,1,93.62,93.62,93.62,93.62,93.62,3.12,3.12,33880,,
           ,BG-1.....25 - NXE,BG-1.....25 - NXE-BK.1            ,                ,BK.1            ,H400*200*6*8,Q355    ,,          ,502,2,2,,,,,,,,,,
           ,BG-1.....25 - NXE,BG-1.....25 - NXE-CP.8            ,                ,CP.8            ,PLT16*240,Q355    ,16,240,599,1,2,18.09,,,18.09,36.18,0.31,0.63,,3932,
           ,BG-1.....25 - NXE,BG-1.....25 - NXE-F.56            ,                ,F.56            ,PLT8*200,Q355    ,8,200,484,1,2,6.08,6.08,12.16,6.08,12.16,0.2,0.41,,,
           ,BG-1.....25 - NXE,BG-1.....25 - NXE-F.57            ,                ,F.57            ,PLT8*200,Q355    ,8,200,486,1,2,6.11,6.11,12.22,6.11,12.22,0.21,0.41,,,
           ,BG-1.....25 - NXE,BG-1.....25 - NXE-R.1             ,                ,R.1             ,PLT6*100,Q355    ,6,100,100,2,4,0.31,,,0.62,1.24,0.02,0.06,,,
           ,BG-1.....25 - NXE,BG-1.....25 - NXE-W.25            ,                ,W.25            ,PLT6*384,Q355    ,6,384,486,1,2,8.71,8.71,17.42,8.71,17.42,0.38,0.76,3888,,
           ,BG-1.....25 - NXE,BG-1.....25 - NXE-BK.7            ,                ,BK.7            ,H300*200*6*10,Q355    ,,          ,596,2,2,,,,,,,,,,
           ,BG-1.....25 - NXE,BG-1.....25 - NXE-CP.2            ,                ,CP.2            ,PLT16*240,Q355    ,16,240,420,1,2,12.66,,,12.66,25.32,0.22,0.45,,3216,
           ,BG-1.....25 - NXE,BG-1.....25 - NXE-F.49            ,                ,F.49            ,PLT10*200,Q355    ,10,200,580,2,4,8.88,17.76,35.52,17.76,35.52,0.24,0.97,,,
           ,BG-1.....25 - NXE,BG-1.....25 - NXE-R.1             ,                ,R.1             ,PLT6*100,Q355    ,6,100,100,1,2,0.31,,,0.31,0.62,0.02,0.03,,,
           ,BG-1.....25 - NXE,BG-1.....25 - NXE-W.29            ,                ,W.29            ,PLT6*280,Q355    ,6,280,580,1,2,7.58,7.58,15.16,7.58,15.16,0.33,0.66,4640,,
27,BG-1.....25 - NXE,BG-1.....25 - NXE-SC1.2           ,COT             ,SC1.2           ,H200X200X8X12,Q355    ,,          ,9132,       ,1,             ,576.96,576.96,586.57,704,14.51,18.39,,21139.2,
           ,BG-1.....25 - NXE,BG-1.....25 - NXE-BP.1            ,                ,BP.1            ,PLT16*240,Q355    ,16,240,240,1,1,7.23,,,7.23,7.23,0.13,0.13,,1248,
           ,BG-1.....25 - NXE,BG-1.....25 - NXE-CP.3            ,                ,CP.3            ,PLT16*240,Q355    ,16,240,240,1,1,7.23,,,7.23,7.23,0.13,0.13,,1248,
           ,BG-1.....25 - NXE,BG-1.....25 - NXE-F.2             ,                ,F.2             ,PLT12*200,Q355    ,12,200,9097,1,1,171.39,171.39,171.39,171.39,171.39,3.86,3.86,,,
           ,BG-1.....25 - NXE,BG-1.....25 - NXE-F.3             ,                ,F.3             ,PLT12*200,Q355    ,12,200,9078,1,1,171.04,171.04,171.04,171.04,171.04,3.85,3.85,,,
           ,BG-1.....25 - NXE,BG-1.....25 - NXE-GP.3            ,                ,GP.3            ,PLT6*186,Q355    ,6,186,188,1,1,1.48,,,1.48,1.48,0.07,0.07,,971.2,
           ,BG-1.....25 - NXE,BG-1.....25 - NXE-S.7             ,                ,S.7             ,PLT6*96,Q355    ,6,96,176,4,4,0.75,,,3,3,0.03,0.14,,2636.8,
           ,BG-1.....25 - NXE,BG-1.....25 - NXE-S.11            ,                ,S.11            ,PLT10*96,Q355    ,10,96,176,6,6,1.22,,,7.32,7.32,0.04,0.22,,3955.2,
           ,BG-1.....25 - NXE,BG-1.....25 - NXE-W.2             ,                ,W.2             ,PLT8*176,Q355    ,8,176,9097,1,1,100.45,100.45,100.45,100.45,100.45,3.35,3.35,36388,,
           ,BG-1.....25 - NXE,BG-1.....25 - NXE-BK.2            ,                ,BK.2            ,H400*200*6*8,Q355    ,,          ,500,2,2,,,,,,,,,,
           ,BG-1.....25 - NXE,BG-1.....25 - NXE-CP.8            ,                ,CP.8            ,PLT16*240,Q355    ,16,240,599,1,2,18.09,,,18.09,36.18,0.31,0.63,,3932,
           ,BG-1.....25 - NXE,BG-1.....25 - NXE-F.56            ,                ,F.56            ,PLT8*200,Q355    ,8,200,484,1,2,6.08,6.08,12.16,6.08,12.16,0.2,0.41,,,
           ,BG-1.....25 - NXE,BG-1.....25 - NXE-F.66            ,                ,F.66            ,PLT8*200,Q355    ,8,200,481,1,2,6.05,6.05,12.1,6.05,12.1,0.2,0.41,,,
           ,BG-1.....25 - NXE,BG-1.....25 - NXE-R.1             ,                ,R.1             ,PLT6*100,Q355    ,6,100,100,2,4,0.31,,,0.62,1.24,0.02,0.06,,,
           ,BG-1.....25 - NXE,BG-1.....25 - NXE-W.27            ,                ,W.27            ,PLT6*384,Q355    ,6,384,484,1,2,8.67,8.67,17.34,8.67,17.34,0.38,0.76,3872,,
           ,BG-1.....25 - NXE,BG-1.....25 - NXE-BK.3            ,                ,BK.3            ,H400*200*6*8,Q355    ,,          ,502,2,2,,,,,,,,,,
           ,BG-1.....25 - NXE,BG-1.....25 - NXE-CP.8            ,                ,CP.8            ,PLT16*240,Q355    ,16,240,599,1,2,18.09,,,18.09,36.18,0.31,0.63,,3932,
           ,BG-1.....25 - NXE,BG-1.....25 - NXE-F.56            ,                ,F.56            ,PLT8*200,Q355    ,8,200,484,1,2,6.08,6.08,12.16,6.08,12.16,0.2,0.41,,,
           ,BG-1.....25 - NXE,BG-1.....25 - NXE-F.57            ,                ,F.57            ,PLT8*200,Q355    ,8,200,486,1,2,6.11,6.11,12.22,6.11,12.22,0.21,0.41,,,
           ,BG-1.....25 - NXE,BG-1.....25 - NXE-R.1             ,                ,R.1             ,PLT6*100,Q355    ,6,100,100,2,4,0.31,,,0.62,1.24,0.02,0.06,,,
           ,BG-1.....25 - NXE,BG-1.....25 - NXE-W.34            ,                ,W.34            ,PLT6*384,Q355    ,6,384,486,1,2,8.71,8.71,17.42,8.71,17.42,0.38,0.76,3888,,
           ,BG-1.....25 - NXE,BG-1.....25 - NXE-BK.7            ,                ,BK.7            ,H300*200*6*10,Q355    ,,          ,596,2,2,,,,,,,,,,
           ,BG-1.....25 - NXE,BG-1.....25 - NXE-CP.2            ,                ,CP.2            ,PLT16*240,Q355    ,16,240,420,1,2,12.66,,,12.66,25.32,0.22,0.45,,3216,
           ,BG-1.....25 - NXE,BG-1.....25 - NXE-F.49            ,                ,F.49            ,PLT10*200,Q355    ,10,200,580,2,4,8.88,17.76,35.52,17.76,35.52,0.24,0.97,,,
           ,BG-1.....25 - NXE,BG-1.....25 - NXE-R.1             ,                ,R.1             ,PLT6*100,Q355    ,6,100,100,1,2,0.31,,,0.31,0.62,0.02,0.03,,,
           ,BG-1.....25 - NXE,BG-1.....25 - NXE-W.29            ,                ,W.29            ,PLT6*280,Q355    ,6,280,580,1,2,7.58,7.58,15.16,7.58,15.16,0.33,0.66,4640,,
28,BG-1.....25 - NXE,BG-1.....25 - NXE-SC1.3           ,COT             ,SC1.3           ,H200X200X8X12,Q355    ,,          ,9498,       ,1,             ,553.61,553.61,568.14,645.96,9.89,16.64,,17367.2,
           ,BG-1.....25 - NXE,BG-1.....25 - NXE-BP.1            ,                ,BP.1            ,PLT16*240,Q355    ,16,240,240,1,1,7.23,,,7.23,7.23,0.13,0.13,,1248,
           ,BG-1.....25 - NXE,BG-1.....25 - NXE-EP.1            ,                ,EP.1            ,PLT16*240,Q355    ,16,240,320,1,1,9.65,,,9.65,9.65,0.17,0.17,,1408,
           ,BG-1.....25 - NXE,BG-1.....25 - NXE-F.4             ,                ,F.4             ,PLT12*200,Q355    ,12,200,9466,2,2,178.35,356.7,356.7,356.7,356.7,4.02,8.04,,,
           ,BG-1.....25 - NXE,BG-1.....25 - NXE-GP.3            ,                ,GP.3            ,PLT6*186,Q355    ,6,186,188,1,1,1.48,,,1.48,1.48,0.07,0.07,,971.2,
           ,BG-1.....25 - NXE,BG-1.....25 - NXE-R.1             ,                ,R.1             ,PLT6*100,Q355    ,6,100,100,1,1,0.31,,,0.31,0.31,0.02,0.02,,,
           ,BG-1.....25 - NXE,BG-1.....25 - NXE-S.7             ,                ,S.7             ,PLT6*96,Q355    ,6,96,176,4,4,0.75,,,3,3,0.03,0.14,,2636.8,
           ,BG-1.....25 - NXE,BG-1.....25 - NXE-S.11            ,                ,S.11            ,PLT10*96,Q355    ,10,96,176,6,6,1.22,,,7.32,7.32,0.04,0.22,,3955.2,
           ,BG-1.....25 - NXE,BG-1.....25 - NXE-W.3             ,                ,W.3             ,PLT8*176,Q355    ,8,176,9466,1,1,104.63,104.63,104.63,104.63,104.63,3.49,3.49,37864,,
           ,BG-1.....25 - NXE,BG-1.....25 - NXE-BK.2            ,                ,BK.2            ,H400*200*6*8,Q355    ,,          ,500,2,2,,,,,,,,,,
           ,BG-1.....25 - NXE,BG-1.....25 - NXE-CP.8            ,                ,CP.8            ,PLT16*240,Q355    ,16,240,599,1,2,18.09,,,18.09,36.18,0.31,0.63,,3932,
           ,BG-1.....25 - NXE,BG-1.....25 - NXE-F.56            ,                ,F.56            ,PLT8*200,Q355    ,8,200,484,1,2,6.08,6.08,12.16,6.08,12.16,0.2,0.41,,,
           ,BG-1.....25 - NXE,BG-1.....25 - NXE-F.66            ,                ,F.66            ,PLT8*200,Q355    ,8,200,481,1,2,6.05,6.05,12.1,6.05,12.1,0.2,0.41,,,
           ,BG-1.....25 - NXE,BG-1.....25 - NXE-R.1             ,                ,R.1             ,PLT6*100,Q355    ,6,100,100,2,4,0.31,,,0.62,1.24,0.02,0.06,,,
           ,BG-1.....25 - NXE,BG-1.....25 - NXE-W.27            ,                ,W.27            ,PLT6*384,Q355    ,6,384,484,1,2,8.67,8.67,17.34,8.67,17.34,0.38,0.76,3872,,
           ,BG-1.....25 - NXE,BG-1.....25 - NXE-BK.7            ,                ,BK.7            ,H300*200*6*10,Q355    ,,          ,596,2,2,,,,,,,,,,
           ,BG-1.....25 - NXE,BG-1.....25 - NXE-CP.2            ,                ,CP.2            ,PLT16*240,Q355    ,16,240,420,1,2,12.66,,,12.66,25.32,0.22,0.45,,3216,
           ,BG-1.....25 - NXE,BG-1.....25 - NXE-F.49            ,                ,F.49            ,PLT10*200,Q355    ,10,200,580,2,4,8.88,17.76,35.52,17.76,35.52,0.24,0.97,,,
           ,BG-1.....25 - NXE,BG-1.....25 - NXE-R.1             ,                ,R.1             ,PLT6*100,Q355    ,6,100,100,1,2,0.31,,,0.31,0.62,0.02,0.03,,,
           ,BG-1.....25 - NXE,BG-1.....25 - NXE-W.29            ,                ,W.29            ,PLT6*280,Q355    ,6,280,580,1,2,7.58,7.58,15.16,7.58,15.16,0.33,0.66,4640,,
29,BG-1.....25 - NXE,BG-1.....25 - NXE-SC1.4           ,COT             ,SC1.4           ,H200X200X8X12,Q355    ,,          ,8504,       ,12,             ,567.71,6812.52,524.67,8220.48,9.11,210.55,,242832,
           ,BG-1.....25 - NXE,BG-1.....25 - NXE-BP.1            ,                ,BP.1            ,PLT16*240,Q355    ,16,240,240,1,12,7.23,,,7.23,86.76,0.13,1.57,,14976,
           ,BG-1.....25 - NXE,BG-1.....25 - NXE-EP.1            ,                ,EP.1            ,PLT16*240,Q355    ,16,240,320,1,12,9.65,,,9.65,115.8,0.17,2.06,,16896,
           ,BG-1.....25 - NXE,BG-1.....25 - NXE-F.1             ,                ,F.1             ,PLT12*200,Q355    ,12,200,8472,2,24,159.62,319.24,3830.88,319.24,3830.88,3.6,86.33,,,
           ,BG-1.....25 - NXE,BG-1.....25 - NXE-GP.3            ,                ,GP.3            ,PLT6*186,Q355    ,6,186,188,2,24,1.48,,,2.96,35.52,0.07,1.62,,23308.8,
           ,BG-1.....25 - NXE,BG-1.....25 - NXE-R.1             ,                ,R.1             ,PLT6*100,Q355    ,6,100,100,1,12,0.31,,,0.31,3.72,0.02,0.18,,,
           ,BG-1.....25 - NXE,BG-1.....25 - NXE-S.7             ,                ,S.7             ,PLT6*96,Q355    ,6,96,176,4,48,0.75,,,3,36,0.03,1.68,,31641.6,
           ,BG-1.....25 - NXE,BG-1.....25 - NXE-S.11            ,                ,S.11            ,PLT10*96,Q355    ,10,96,176,4,48,1.22,,,4.88,58.56,0.04,1.74,,31641.6,
           ,BG-1.....25 - NXE,BG-1.....25 - NXE-W.1             ,                ,W.1             ,PLT8*176,Q355    ,8,176,8472,1,12,93.65,93.65,1123.8,93.65,1123.8,3.12,37.45,406656,,
           ,BG-1.....25 - NXE,BG-1.....25 - NXE-BK.7            ,                ,BK.7            ,H300*200*6*10,Q355    ,,          ,596,4,48,,,,,,,,,,
           ,BG-1.....25 - NXE,BG-1.....25 - NXE-CP.2            ,                ,CP.2            ,PLT16*240,Q355    ,16,240,420,1,48,12.66,,,12.66,607.68,0.22,10.69,,77184,
           ,BG-1.....25 - NXE,BG-1.....25 - NXE-F.49            ,                ,F.49            ,PLT10*200,Q355    ,10,200,580,2,96,8.88,17.76,852.48,17.76,852.48,0.24,23.18,,,
           ,BG-1.....25 - NXE,BG-1.....25 - NXE-R.1             ,                ,R.1             ,PLT6*100,Q355    ,6,100,100,1,48,0.31,,,0.31,14.88,0.02,0.73,,,
           ,BG-1.....25 - NXE,BG-1.....25 - NXE-W.29            ,                ,W.29            ,PLT6*280,Q355    ,6,280,580,1,48,7.58,7.58,363.84,7.58,363.84,0.33,15.95,111360,,
           ,BG-1.....25 - NXE,BG-1.....25 - NXE-BK.8            ,                ,BK.8            ,H400*200*8*10,Q355    ,,          ,502,2,24,,,,,,,,,,
           ,BG-1.....25 - NXE,BG-1.....25 - NXE-CP.8            ,                ,CP.8            ,PLT16*240,Q355    ,16,240,599,1,24,18.09,,,18.09,434.16,0.31,7.56,,47184,
           ,BG-1.....25 - NXE,BG-1.....25 - NXE-F.67            ,                ,F.67            ,PLT10*200,Q355    ,10,200,483,1,24,7.6,7.6,182.4,7.6,182.4,0.21,4.97,,,
           ,BG-1.....25 - NXE,BG-1.....25 - NXE-F.68            ,                ,F.68            ,PLT10*200,Q355    ,10,200,486,1,24,7.64,7.64,183.36,7.64,183.36,0.21,5,,,
           ,BG-1.....25 - NXE,BG-1.....25 - NXE-R.1             ,                ,R.1             ,PLT6*100,Q355    ,6,100,100,2,48,0.31,,,0.62,14.88,0.02,0.73,,,
           ,BG-1.....25 - NXE,BG-1.....25 - NXE-W.35            ,                ,W.35            ,PLT8*380,Q355    ,8,380,486,1,24,11.49,11.49,275.76,11.49,275.76,0.38,9.12,46656,,
30,BG-1.....25 - NXE,BG-1.....25 - NXE-SC1.5           ,COT             ,SC1.5           ,H200X200X8X12,Q355    ,,          ,9134,       ,16,             ,639.33,10229.28,591.5,12661.6,14.52,328.05,,384128,
           ,BG-1.....25 - NXE,BG-1.....25 - NXE-BP.1            ,                ,BP.1            ,PLT16*240,Q355    ,16,240,240,1,16,7.23,,,7.23,115.68,0.13,2.09,,19968,
           ,BG-1.....25 - NXE,BG-1.....25 - NXE-CP.3            ,                ,CP.3            ,PLT16*240,Q355    ,16,240,240,1,16,7.23,,,7.23,115.68,0.13,2.09,,19968,
           ,BG-1.....25 - NXE,BG-1.....25 - NXE-F.2             ,                ,F.2             ,PLT12*200,Q355    ,12,200,9099,1,16,171.43,171.43,2742.88,171.43,2742.88,3.86,61.81,,,
           ,BG-1.....25 - NXE,BG-1.....25 - NXE-F.3             ,                ,F.3             ,PLT12*200,Q355    ,12,200,9080,1,16,171.07,171.07,2737.12,171.07,2737.12,3.85,61.68,,,
           ,BG-1.....25 - NXE,BG-1.....25 - NXE-GP.3            ,                ,GP.3            ,PLT6*186,Q355    ,6,186,188,2,32,1.48,,,2.96,47.36,0.07,2.15,,31078.4,
           ,BG-1.....25 - NXE,BG-1.....25 - NXE-S.7             ,                ,S.7             ,PLT6*96,Q355    ,6,96,176,4,64,0.75,,,3,48,0.03,2.24,,42188.8,
           ,BG-1.....25 - NXE,BG-1.....25 - NXE-S.11            ,                ,S.11            ,PLT10*96,Q355    ,10,96,176,4,64,1.22,,,4.88,78.08,0.04,2.31,,42188.8,
           ,BG-1.....25 - NXE,BG-1.....25 - NXE-W.2             ,                ,W.2             ,PLT8*176,Q355    ,8,176,9099,1,16,100.47,100.47,1607.52,100.47,1607.52,3.35,53.57,582336,,
           ,BG-1.....25 - NXE,BG-1.....25 - NXE-BK.3            ,                ,BK.3            ,H400*200*6*8,Q355    ,,          ,502,2,32,,,,,,,,,,
           ,BG-1.....25 - NXE,BG-1.....25 - NXE-CP.8            ,                ,CP.8            ,PLT16*240,Q355    ,16,240,599,1,32,18.09,,,18.09,578.88,0.31,10.08,,62912,
           ,BG-1.....25 - NXE,BG-1.....25 - NXE-F.56            ,                ,F.56            ,PLT8*200,Q355    ,8,200,484,1,32,6.08,6.08,194.56,6.08,194.56,0.2,6.55,,,
           ,BG-1.....25 - NXE,BG-1.....25 - NXE-F.57            ,                ,F.57            ,PLT8*200,Q355    ,8,200,486,1,32,6.11,6.11,195.52,6.11,195.52,0.21,6.58,,,
           ,BG-1.....25 - NXE,BG-1.....25 - NXE-R.1             ,                ,R.1             ,PLT6*100,Q355    ,6,100,100,2,64,0.31,,,0.62,19.84,0.02,0.98,,,
           ,BG-1.....25 - NXE,BG-1.....25 - NXE-W.34            ,                ,W.34            ,PLT6*384,Q355    ,6,384,486,1,32,8.71,8.71,278.72,8.71,278.72,0.38,12.16,62208,,
           ,BG-1.....25 - NXE,BG-1.....25 - NXE-BK.7            ,                ,BK.7            ,H300*200*6*10,Q355    ,,          ,596,4,64,,,,,,,,,,
           ,BG-1.....25 - NXE,BG-1.....25 - NXE-CP.2            ,                ,CP.2            ,PLT16*240,Q355    ,16,240,420,1,64,12.66,,,12.66,810.24,0.22,14.25,,102912,
           ,BG-1.....25 - NXE,BG-1.....25 - NXE-F.49            ,                ,F.49            ,PLT10*200,Q355    ,10,200,580,2,128,8.88,17.76,1136.64,17.76,1136.64,0.24,30.91,,,
           ,BG-1.....25 - NXE,BG-1.....25 - NXE-R.1             ,                ,R.1             ,PLT6*100,Q355    ,6,100,100,1,64,0.31,,,0.31,19.84,0.02,0.98,,,
           ,BG-1.....25 - NXE,BG-1.....25 - NXE-W.29            ,                ,W.29            ,PLT6*280,Q355    ,6,280,580,1,64,7.58,7.58,485.12,7.58,485.12,0.33,21.26,148480,,
           ,BG-1.....25 - NXE,BG-1.....25 - NXE-BK.14           ,                ,BK.14           ,H400*200*8*10,Q355    ,,          ,500,2,32,,,,,,,,,,
           ,BG-1.....25 - NXE,BG-1.....25 - NXE-CP.8            ,                ,CP.8            ,PLT16*240,Q355    ,16,240,599,1,32,18.09,,,18.09,578.88,0.31,10.08,,62912,
           ,BG-1.....25 - NXE,BG-1.....25 - NXE-F.67            ,                ,F.67            ,PLT10*200,Q355    ,10,200,483,1,32,7.6,7.6,243.2,7.6,243.2,0.21,6.63,,,
           ,BG-1.....25 - NXE,BG-1.....25 - NXE-F.69            ,                ,F.69            ,PLT10*200,Q355    ,10,200,481,1,32,7.56,7.56,241.92,7.56,241.92,0.21,6.6,,,
           ,BG-1.....25 - NXE,BG-1.....25 - NXE-R.1             ,                ,R.1             ,PLT6*100,Q355    ,6,100,100,2,64,0.31,,,0.62,19.84,0.02,0.98,,,
           ,BG-1.....25 - NXE,BG-1.....25 - NXE-W.37            ,                ,W.37            ,PLT8*380,Q355    ,8,380,484,1,32,11.44,11.44,366.08,11.44,366.08,0.38,12.09,61952,,
31,BG-1.....25 - NXE,BG-1.....25 - NXE-SC1.6           ,COT             ,SC1.6           ,H200X200X8X12,Q355    ,,          ,9500,       ,2,             ,604.39,1208.78,567.28,1443.44,9.89,37.48,,40472,
           ,BG-1.....25 - NXE,BG-1.....25 - NXE-BP.1            ,                ,BP.1            ,PLT16*240,Q355    ,16,240,240,1,2,7.23,,,7.23,14.46,0.13,0.26,,2496,
           ,BG-1.....25 - NXE,BG-1.....25 - NXE-EP.1            ,                ,EP.1            ,PLT16*240,Q355    ,16,240,320,1,2,9.65,,,9.65,19.3,0.17,0.34,,2816,
           ,BG-1.....25 - NXE,BG-1.....25 - NXE-F.4             ,                ,F.4             ,PLT12*200,Q355    ,12,200,9468,2,4,178.39,356.78,713.56,356.78,713.56,4.02,16.08,,,
           ,BG-1.....25 - NXE,BG-1.....25 - NXE-GP.3            ,                ,GP.3            ,PLT6*186,Q355    ,6,186,188,2,4,1.48,,,2.96,5.92,0.07,0.27,,3884.8,
           ,BG-1.....25 - NXE,BG-1.....25 - NXE-R.1             ,                ,R.1             ,PLT6*100,Q355    ,6,100,100,1,2,0.31,,,0.31,0.62,0.02,0.03,,,
           ,BG-1.....25 - NXE,BG-1.....25 - NXE-S.7             ,                ,S.7             ,PLT6*96,Q355    ,6,96,176,4,8,0.75,,,3,6,0.03,0.28,,5273.6,
           ,BG-1.....25 - NXE,BG-1.....25 - NXE-S.11            ,                ,S.11            ,PLT10*96,Q355    ,10,96,176,4,8,1.22,,,4.88,9.76,0.04,0.29,,5273.6,
           ,BG-1.....25 - NXE,BG-1.....25 - NXE-W.3             ,                ,W.3             ,PLT8*176,Q355    ,8,176,9468,1,2,104.65,104.65,209.3,104.65,209.3,3.49,6.97,75744,,
           ,BG-1.....25 - NXE,BG-1.....25 - NXE-BK.2            ,                ,BK.2            ,H400*200*6*8,Q355    ,,          ,500,2,4,,,,,,,,,,
           ,BG-1.....25 - NXE,BG-1.....25 - NXE-CP.8            ,                ,CP.8            ,PLT16*240,Q355    ,16,240,599,1,4,18.09,,,18.09,72.36,0.31,1.26,,7864,
           ,BG-1.....25 - NXE,BG-1.....25 - NXE-F.56            ,                ,F.56            ,PLT8*200,Q355    ,8,200,484,1,4,6.08,6.08,24.32,6.08,24.32,0.2,0.82,,,
           ,BG-1.....25 - NXE,BG-1.....25 - NXE-F.66            ,                ,F.66            ,PLT8*200,Q355    ,8,200,481,1,4,6.05,6.05,24.2,6.05,24.2,0.2,0.81,,,
           ,BG-1.....25 - NXE,BG-1.....25 - NXE-R.1             ,                ,R.1             ,PLT6*100,Q355    ,6,100,100,2,8,0.31,,,0.62,2.48,0.02,0.12,,,
           ,BG-1.....25 - NXE,BG-1.....25 - NXE-W.27            ,                ,W.27            ,PLT6*384,Q355    ,6,384,484,1,4,8.67,8.67,34.68,8.67,34.68,0.38,1.51,7744,,
           ,BG-1.....25 - NXE,BG-1.....25 - NXE-BK.7            ,                ,BK.7            ,H300*200*6*10,Q355    ,,          ,596,4,8,,,,,,,,,,
           ,BG-1.....25 - NXE,BG-1.....25 - NXE-CP.2            ,                ,CP.2            ,PLT16*240,Q355    ,16,240,420,1,8,12.66,,,12.66,101.28,0.22,1.78,,12864,
           ,BG-1.....25 - NXE,BG-1.....25 - NXE-F.49            ,                ,F.49            ,PLT10*200,Q355    ,10,200,580,2,16,8.88,17.76,142.08,17.76,142.08,0.24,3.86,,,
           ,BG-1.....25 - NXE,BG-1.....25 - NXE-R.1             ,                ,R.1             ,PLT6*100,Q355    ,6,100,100,1,8,0.31,,,0.31,2.48,0.02,0.12,,,
           ,BG-1.....25 - NXE,BG-1.....25 - NXE-W.29            ,                ,W.29            ,PLT6*280,Q355    ,6,280,580,1,8,7.58,7.58,60.64,7.58,60.64,0.33,2.66,18560,,
32,BG-1.....25 - NXE,BG-1.....25 - NXE-SC1.7           ,COT             ,SC1.7           ,H200X200X8X12,Q355    ,,          ,9500,       ,2,             ,594.97,1189.94,577.81,1464.5,13.97,37.88,,49281.6,
           ,BG-1.....25 - NXE,BG-1.....25 - NXE-BP.1            ,                ,BP.1            ,PLT16*240,Q355    ,16,240,240,1,2,7.23,,,7.23,14.46,0.13,0.26,,2496,
           ,BG-1.....25 - NXE,BG-1.....25 - NXE-CP.7            ,                ,CP.7            ,PLT16*240,Q355    ,16,240,500,1,2,15.07,,,15.07,30.14,0.26,0.53,,3536,
           ,BG-1.....25 - NXE,BG-1.....25 - NXE-EP.1            ,                ,EP.1            ,PLT16*240,Q355    ,16,240,320,1,2,9.65,,,9.65,19.3,0.17,0.34,,2816,
           ,BG-1.....25 - NXE,BG-1.....25 - NXE-F.4             ,                ,F.4             ,PLT12*200,Q355    ,12,200,9468,1,2,178.39,178.39,356.78,178.39,356.78,4.02,8.04,,,
           ,BG-1.....25 - NXE,BG-1.....25 - NXE-F.12            ,                ,F.12            ,PLT12*200,Q355    ,12,200,9468,1,2,168.97,168.97,337.94,168.97,337.94,3.81,7.62,,,
           ,BG-1.....25 - NXE,BG-1.....25 - NXE-GP.3            ,                ,GP.3            ,PLT6*186,Q355    ,6,186,188,2,4,1.48,,,2.96,5.92,0.07,0.27,,3884.8,
           ,BG-1.....25 - NXE,BG-1.....25 - NXE-R.1             ,                ,R.1             ,PLT6*100,Q355    ,6,100,100,1,2,0.31,,,0.31,0.62,0.02,0.03,,,
           ,BG-1.....25 - NXE,BG-1.....25 - NXE-S.7             ,                ,S.7             ,PLT6*96,Q355    ,6,96,176,4,8,0.75,,,3,6,0.03,0.28,,5273.6,
           ,BG-1.....25 - NXE,BG-1.....25 - NXE-S.11            ,                ,S.11            ,PLT10*96,Q355    ,10,96,176,8,16,1.22,,,9.76,19.52,0.04,0.58,,10547.2,
           ,BG-1.....25 - NXE,BG-1.....25 - NXE-W.3             ,                ,W.3             ,PLT8*176,Q355    ,8,176,9468,1,2,104.65,104.65,209.3,104.65,209.3,3.49,6.97,75744,,
           ,BG-1.....25 - NXE,BG-1.....25 - NXE-BK.2            ,                ,BK.2            ,H400*200*6*8,Q355    ,,          ,500,2,4,,,,,,,,,,
           ,BG-1.....25 - NXE,BG-1.....25 - NXE-CP.8            ,                ,CP.8            ,PLT16*240,Q355    ,16,240,599,1,4,18.09,,,18.09,72.36,0.31,1.26,,7864,
           ,BG-1.....25 - NXE,BG-1.....25 - NXE-F.56            ,                ,F.56            ,PLT8*200,Q355    ,8,200,484,1,4,6.08,6.08,24.32,6.08,24.32,0.2,0.82,,,
           ,BG-1.....25 - NXE,BG-1.....25 - NXE-F.66            ,                ,F.66            ,PLT8*200,Q355    ,8,200,481,1,4,6.05,6.05,24.2,6.05,24.2,0.2,0.81,,,
           ,BG-1.....25 - NXE,BG-1.....25 - NXE-R.1             ,                ,R.1             ,PLT6*100,Q355    ,6,100,100,2,8,0.31,,,0.62,2.48,0.02,0.12,,,
           ,BG-1.....25 - NXE,BG-1.....25 - NXE-W.27            ,                ,W.27            ,PLT6*384,Q355    ,6,384,484,1,4,8.67,8.67,34.68,8.67,34.68,0.38,1.51,7744,,
           ,BG-1.....25 - NXE,BG-1.....25 - NXE-BK.7            ,                ,BK.7            ,H300*200*6*10,Q355    ,,          ,596,4,8,,,,,,,,,,
           ,BG-1.....25 - NXE,BG-1.....25 - NXE-CP.2            ,                ,CP.2            ,PLT16*240,Q355    ,16,240,420,1,8,12.66,,,12.66,101.28,0.22,1.78,,12864,
           ,BG-1.....25 - NXE,BG-1.....25 - NXE-F.49            ,                ,F.49            ,PLT10*200,Q355    ,10,200,580,2,16,8.88,17.76,142.08,17.76,142.08,0.24,3.86,,,
           ,BG-1.....25 - NXE,BG-1.....25 - NXE-R.1             ,                ,R.1             ,PLT6*100,Q355    ,6,100,100,1,8,0.31,,,0.31,2.48,0.02,0.12,,,
           ,BG-1.....25 - NXE,BG-1.....25 - NXE-W.29            ,                ,W.29            ,PLT6*280,Q355    ,6,280,580,1,8,7.58,7.58,60.64,7.58,60.64,0.33,2.66,18560,,
33,BG-1.....25 - NXE,BG-1.....25 - NXE-SC1.8           ,COT             ,SC1.8           ,H200X200X8X12,Q355    ,,          ,9500,       ,2,             ,594.97,1189.94,577.81,1464.5,13.97,37.88,,49281.6,
           ,BG-1.....25 - NXE,BG-1.....25 - NXE-BP.1            ,                ,BP.1            ,PLT16*240,Q355    ,16,240,240,1,2,7.23,,,7.23,14.46,0.13,0.26,,2496,
           ,BG-1.....25 - NXE,BG-1.....25 - NXE-CP.7            ,                ,CP.7            ,PLT16*240,Q355    ,16,240,500,1,2,15.07,,,15.07,30.14,0.26,0.53,,3536,
           ,BG-1.....25 - NXE,BG-1.....25 - NXE-EP.1            ,                ,EP.1            ,PLT16*240,Q355    ,16,240,320,1,2,9.65,,,9.65,19.3,0.17,0.34,,2816,
           ,BG-1.....25 - NXE,BG-1.....25 - NXE-F.4             ,                ,F.4             ,PLT12*200,Q355    ,12,200,9468,1,2,178.39,178.39,356.78,178.39,356.78,4.02,8.04,,,
           ,BG-1.....25 - NXE,BG-1.....25 - NXE-F.15            ,                ,F.15            ,PLT12*200,Q355    ,12,200,9468,1,2,168.97,168.97,337.94,168.97,337.94,3.81,7.62,,,
           ,BG-1.....25 - NXE,BG-1.....25 - NXE-GP.3            ,                ,GP.3            ,PLT6*186,Q355    ,6,186,188,2,4,1.48,,,2.96,5.92,0.07,0.27,,3884.8,
           ,BG-1.....25 - NXE,BG-1.....25 - NXE-R.1             ,                ,R.1             ,PLT6*100,Q355    ,6,100,100,1,2,0.31,,,0.31,0.62,0.02,0.03,,,
           ,BG-1.....25 - NXE,BG-1.....25 - NXE-S.7             ,                ,S.7             ,PLT6*96,Q355    ,6,96,176,4,8,0.75,,,3,6,0.03,0.28,,5273.6,
           ,BG-1.....25 - NXE,BG-1.....25 - NXE-S.11            ,                ,S.11            ,PLT10*96,Q355    ,10,96,176,8,16,1.22,,,9.76,19.52,0.04,0.58,,10547.2,
           ,BG-1.....25 - NXE,BG-1.....25 - NXE-W.3             ,                ,W.3             ,PLT8*176,Q355    ,8,176,9468,1,2,104.65,104.65,209.3,104.65,209.3,3.49,6.97,75744,,
           ,BG-1.....25 - NXE,BG-1.....25 - NXE-BK.2            ,                ,BK.2            ,H400*200*6*8,Q355    ,,          ,500,2,4,,,,,,,,,,
           ,BG-1.....25 - NXE,BG-1.....25 - NXE-CP.8            ,                ,CP.8            ,PLT16*240,Q355    ,16,240,599,1,4,18.09,,,18.09,72.36,0.31,1.26,,7864,
           ,BG-1.....25 - NXE,BG-1.....25 - NXE-F.56            ,                ,F.56            ,PLT8*200,Q355    ,8,200,484,1,4,6.08,6.08,24.32,6.08,24.32,0.2,0.82,,,
           ,BG-1.....25 - NXE,BG-1.....25 - NXE-F.66            ,                ,F.66            ,PLT8*200,Q355    ,8,200,481,1,4,6.05,6.05,24.2,6.05,24.2,0.2,0.81,,,
           ,BG-1.....25 - NXE,BG-1.....25 - NXE-R.1             ,                ,R.1             ,PLT6*100,Q355    ,6,100,100,2,8,0.31,,,0.62,2.48,0.02,0.12,,,
           ,BG-1.....25 - NXE,BG-1.....25 - NXE-W.27            ,                ,W.27            ,PLT6*384,Q355    ,6,384,484,1,4,8.67,8.67,34.68,8.67,34.68,0.38,1.51,7744,,
           ,BG-1.....25 - NXE,BG-1.....25 - NXE-BK.7            ,                ,BK.7            ,H300*200*6*10,Q355    ,,          ,596,4,8,,,,,,,,,,
           ,BG-1.....25 - NXE,BG-1.....25 - NXE-CP.2            ,                ,CP.2            ,PLT16*240,Q355    ,16,240,420,1,8,12.66,,,12.66,101.28,0.22,1.78,,12864,
           ,BG-1.....25 - NXE,BG-1.....25 - NXE-F.49            ,                ,F.49            ,PLT10*200,Q355    ,10,200,580,2,16,8.88,17.76,142.08,17.76,142.08,0.24,3.86,,,
           ,BG-1.....25 - NXE,BG-1.....25 - NXE-R.1             ,                ,R.1             ,PLT6*100,Q355    ,6,100,100,1,8,0.31,,,0.31,2.48,0.02,0.12,,,
           ,BG-1.....25 - NXE,BG-1.....25 - NXE-W.29            ,                ,W.29            ,PLT6*280,Q355    ,6,280,580,1,8,7.58,7.58,60.64,7.58,60.64,0.33,2.66,18560,,
34,BG-1.....25 - NXE,BG-1.....25 - NXE-SC1.9           ,COT             ,SC1.9           ,H200X200X8X12,Q355    ,,          ,8504,       ,3,             ,567.71,1703.13,523.19,2050.68,9.11,52.44,,57794.4,
           ,BG-1.....25 - NXE,BG-1.....25 - NXE-BP.1            ,                ,BP.1            ,PLT16*240,Q355    ,16,240,240,1,3,7.23,,,7.23,21.69,0.13,0.39,,3744,
           ,BG-1.....25 - NXE,BG-1.....25 - NXE-EP.1            ,                ,EP.1            ,PLT16*240,Q355    ,16,240,320,1,3,9.65,,,9.65,28.95,0.17,0.51,,4224,
           ,BG-1.....25 - NXE,BG-1.....25 - NXE-F.1             ,                ,F.1             ,PLT12*200,Q355    ,12,200,8472,2,6,159.62,319.24,957.72,319.24,957.72,3.6,21.58,,,
           ,BG-1.....25 - NXE,BG-1.....25 - NXE-GP.3            ,                ,GP.3            ,PLT6*186,Q355    ,6,186,188,1,3,1.48,,,1.48,4.44,0.07,0.2,,2913.6,
           ,BG-1.....25 - NXE,BG-1.....25 - NXE-R.1             ,                ,R.1             ,PLT6*100,Q355    ,6,100,100,1,3,0.31,,,0.31,0.93,0.02,0.05,,,
           ,BG-1.....25 - NXE,BG-1.....25 - NXE-S.7             ,                ,S.7             ,PLT6*96,Q355    ,6,96,176,4,12,0.75,,,3,9,0.03,0.42,,7910.4,
           ,BG-1.....25 - NXE,BG-1.....25 - NXE-S.11            ,                ,S.11            ,PLT10*96,Q355    ,10,96,176,4,12,1.22,,,4.88,14.64,0.04,0.43,,7910.4,
           ,BG-1.....25 - NXE,BG-1.....25 - NXE-W.1             ,                ,W.1             ,PLT8*176,Q355    ,8,176,8472,1,3,93.65,93.65,280.95,93.65,280.95,3.12,9.36,101664,,
           ,BG-1.....25 - NXE,BG-1.....25 - NXE-BK.7            ,                ,BK.7            ,H300*200*6*10,Q355    ,,          ,596,4,12,,,,,,,,,,
           ,BG-1.....25 - NXE,BG-1.....25 - NXE-CP.2            ,                ,CP.2            ,PLT16*240,Q355    ,16,240,420,1,12,12.66,,,12.66,151.92,0.22,2.67,,19296,
           ,BG-1.....25 - NXE,BG-1.....25 - NXE-F.49            ,                ,F.49            ,PLT10*200,Q355    ,10,200,580,2,24,8.88,17.76,213.12,17.76,213.12,0.24,5.79,,,
           ,BG-1.....25 - NXE,BG-1.....25 - NXE-R.1             ,                ,R.1             ,PLT6*100,Q355    ,6,100,100,1,12,0.31,,,0.31,3.72,0.02,0.18,,,
           ,BG-1.....25 - NXE,BG-1.....25 - NXE-W.29            ,                ,W.29            ,PLT6*280,Q355    ,6,280,580,1,12,7.58,7.58,90.96,7.58,90.96,0.33,3.99,27840,,
           ,BG-1.....25 - NXE,BG-1.....25 - NXE-BK.8            ,                ,BK.8            ,H400*200*8*10,Q355    ,,          ,502,2,6,,,,,,,,,,
           ,BG-1.....25 - NXE,BG-1.....25 - NXE-CP.8            ,                ,CP.8            ,PLT16*240,Q355    ,16,240,599,1,6,18.09,,,18.09,108.54,0.31,1.89,,11796,
           ,BG-1.....25 - NXE,BG-1.....25 - NXE-F.67            ,                ,F.67            ,PLT10*200,Q355    ,10,200,483,1,6,7.6,7.6,45.6,7.6,45.6,0.21,1.24,,,
           ,BG-1.....25 - NXE,BG-1.....25 - NXE-F.68            ,                ,F.68            ,PLT10*200,Q355    ,10,200,486,1,6,7.64,7.64,45.84,7.64,45.84,0.21,1.25,,,
           ,BG-1.....25 - NXE,BG-1.....25 - NXE-R.1             ,                ,R.1             ,PLT6*100,Q355    ,6,100,100,2,12,0.31,,,0.62,3.72,0.02,0.18,,,
           ,BG-1.....25 - NXE,BG-1.....25 - NXE-W.35            ,                ,W.35            ,PLT8*380,Q355    ,8,380,486,1,6,11.49,11.49,68.94,11.49,68.94,0.38,2.28,11664,,
35,BG-1.....25 - NXE,BG-1.....25 - NXE-SC1.10          ,COT             ,SC1.10          ,H200X200X8X12,Q355    ,,          ,9500,       ,2,             ,594.97,1189.94,577.81,1464.5,13.97,37.88,,49281.6,
           ,BG-1.....25 - NXE,BG-1.....25 - NXE-BP.1            ,                ,BP.1            ,PLT16*240,Q355    ,16,240,240,1,2,7.23,,,7.23,14.46,0.13,0.26,,2496,
           ,BG-1.....25 - NXE,BG-1.....25 - NXE-CP.7            ,                ,CP.7            ,PLT16*240,Q355    ,16,240,500,1,2,15.07,,,15.07,30.14,0.26,0.53,,3536,
           ,BG-1.....25 - NXE,BG-1.....25 - NXE-EP.1            ,                ,EP.1            ,PLT16*240,Q355    ,16,240,320,1,2,9.65,,,9.65,19.3,0.17,0.34,,2816,
           ,BG-1.....25 - NXE,BG-1.....25 - NXE-F.4             ,                ,F.4             ,PLT12*200,Q355    ,12,200,9468,1,2,178.39,178.39,356.78,178.39,356.78,4.02,8.04,,,
           ,BG-1.....25 - NXE,BG-1.....25 - NXE-F.18            ,                ,F.18            ,PLT12*200,Q355    ,12,200,9468,1,2,168.97,168.97,337.94,168.97,337.94,3.81,7.62,,,
           ,BG-1.....25 - NXE,BG-1.....25 - NXE-GP.3            ,                ,GP.3            ,PLT6*186,Q355    ,6,186,188,2,4,1.48,,,2.96,5.92,0.07,0.27,,3884.8,
           ,BG-1.....25 - NXE,BG-1.....25 - NXE-R.1             ,                ,R.1             ,PLT6*100,Q355    ,6,100,100,1,2,0.31,,,0.31,0.62,0.02,0.03,,,
           ,BG-1.....25 - NXE,BG-1.....25 - NXE-S.7             ,                ,S.7             ,PLT6*96,Q355    ,6,96,176,4,8,0.75,,,3,6,0.03,0.28,,5273.6,
           ,BG-1.....25 - NXE,BG-1.....25 - NXE-S.11            ,                ,S.11            ,PLT10*96,Q355    ,10,96,176,8,16,1.22,,,9.76,19.52,0.04,0.58,,10547.2,
           ,BG-1.....25 - NXE,BG-1.....25 - NXE-W.3             ,                ,W.3             ,PLT8*176,Q355    ,8,176,9468,1,2,104.65,104.65,209.3,104.65,209.3,3.49,6.97,75744,,
           ,BG-1.....25 - NXE,BG-1.....25 - NXE-BK.2            ,                ,BK.2            ,H400*200*6*8,Q355    ,,          ,500,2,4,,,,,,,,,,
           ,BG-1.....25 - NXE,BG-1.....25 - NXE-CP.8            ,                ,CP.8            ,PLT16*240,Q355    ,16,240,599,1,4,18.09,,,18.09,72.36,0.31,1.26,,7864,
           ,BG-1.....25 - NXE,BG-1.....25 - NXE-F.56            ,                ,F.56            ,PLT8*200,Q355    ,8,200,484,1,4,6.08,6.08,24.32,6.08,24.32,0.2,0.82,,,
           ,BG-1.....25 - NXE,BG-1.....25 - NXE-F.66            ,                ,F.66            ,PLT8*200,Q355    ,8,200,481,1,4,6.05,6.05,24.2,6.05,24.2,0.2,0.81,,,
           ,BG-1.....25 - NXE,BG-1.....25 - NXE-R.1             ,                ,R.1             ,PLT6*100,Q355    ,6,100,100,2,8,0.31,,,0.62,2.48,0.02,0.12,,,
           ,BG-1.....25 - NXE,BG-1.....25 - NXE-W.27            ,                ,W.27            ,PLT6*384,Q355    ,6,384,484,1,4,8.67,8.67,34.68,8.67,34.68,0.38,1.51,7744,,
           ,BG-1.....25 - NXE,BG-1.....25 - NXE-BK.7            ,                ,BK.7            ,H300*200*6*10,Q355    ,,          ,596,4,8,,,,,,,,,,
           ,BG-1.....25 - NXE,BG-1.....25 - NXE-CP.2            ,                ,CP.2            ,PLT16*240,Q355    ,16,240,420,1,8,12.66,,,12.66,101.28,0.22,1.78,,12864,
           ,BG-1.....25 - NXE,BG-1.....25 - NXE-F.49            ,                ,F.49            ,PLT10*200,Q355    ,10,200,580,2,16,8.88,17.76,142.08,17.76,142.08,0.24,3.86,,,
           ,BG-1.....25 - NXE,BG-1.....25 - NXE-R.1             ,                ,R.1             ,PLT6*100,Q355    ,6,100,100,1,8,0.31,,,0.31,2.48,0.02,0.12,,,
           ,BG-1.....25 - NXE,BG-1.....25 - NXE-W.29            ,                ,W.29            ,PLT6*280,Q355    ,6,280,580,1,8,7.58,7.58,60.64,7.58,60.64,0.33,2.66,18560,,
36,BG-1.....25 - NXE,BG-1.....25 - NXE-SC1.11          ,COT             ,SC1.11          ,H200X200X8X12,Q355    ,,          ,9500,       ,4,             ,596.39,2385.56,648.56,2905.52,15.58,75.15,,87376,
           ,BG-1.....25 - NXE,BG-1.....25 - NXE-BP.1            ,                ,BP.1            ,PLT16*240,Q355    ,16,240,240,1,4,7.23,,,7.23,28.92,0.13,0.52,,4992,
           ,BG-1.....25 - NXE,BG-1.....25 - NXE-CP.1            ,                ,CP.1            ,PLT16*240,Q355    ,16,240,420,1,4,12.66,,,12.66,50.64,0.22,0.89,,6432,
           ,BG-1.....25 - NXE,BG-1.....25 - NXE-EP.1            ,                ,EP.1            ,PLT16*240,Q355    ,16,240,320,1,4,9.65,,,9.65,38.6,0.17,0.69,,5632,
           ,BG-1.....25 - NXE,BG-1.....25 - NXE-F.4             ,                ,F.4             ,PLT12*200,Q355    ,12,200,9468,1,4,178.39,178.39,713.56,178.39,713.56,4.02,16.08,,,
           ,BG-1.....25 - NXE,BG-1.....25 - NXE-F.22            ,                ,F.22            ,PLT12*200,Q355    ,12,200,9468,1,4,170.47,170.47,681.88,170.47,681.88,3.85,15.38,,,
           ,BG-1.....25 - NXE,BG-1.....25 - NXE-GP.3            ,                ,GP.3            ,PLT6*186,Q355    ,6,186,188,2,8,1.48,,,2.96,11.84,0.07,0.54,,7769.6,
           ,BG-1.....25 - NXE,BG-1.....25 - NXE-R.1             ,                ,R.1             ,PLT6*100,Q355    ,6,100,100,1,4,0.31,,,0.31,1.24,0.02,0.06,,,
           ,BG-1.....25 - NXE,BG-1.....25 - NXE-S.7             ,                ,S.7             ,PLT6*96,Q355    ,6,96,176,4,16,0.75,,,3,12,0.03,0.56,,10547.2,
           ,BG-1.....25 - NXE,BG-1.....25 - NXE-S.11            ,                ,S.11            ,PLT10*96,Q355    ,10,96,176,4,16,1.22,,,4.88,19.52,0.04,0.58,,10547.2,
           ,BG-1.....25 - NXE,BG-1.....25 - NXE-W.3             ,                ,W.3             ,PLT8*176,Q355    ,8,176,9468,1,4,104.65,104.65,418.6,104.65,418.6,3.49,13.95,151488,,
           ,BG-1.....25 - NXE,BG-1.....25 - NXE-BK.2            ,                ,BK.2            ,H400*200*6*8,Q355    ,,          ,500,2,8,,,,,,,,,,
           ,BG-1.....25 - NXE,BG-1.....25 - NXE-CP.8            ,                ,CP.8            ,PLT16*240,Q355    ,16,240,599,1,8,18.09,,,18.09,144.72,0.31,2.52,,15728,
           ,BG-1.....25 - NXE,BG-1.....25 - NXE-F.56            ,                ,F.56            ,PLT8*200,Q355    ,8,200,484,1,8,6.08,6.08,48.64,6.08,48.64,0.2,1.64,,,
           ,BG-1.....25 - NXE,BG-1.....25 - NXE-F.66            ,                ,F.66            ,PLT8*200,Q355    ,8,200,481,1,8,6.05,6.05,48.4,6.05,48.4,0.2,1.63,,,
           ,BG-1.....25 - NXE,BG-1.....25 - NXE-R.1             ,                ,R.1             ,PLT6*100,Q355    ,6,100,100,2,16,0.31,,,0.62,4.96,0.02,0.24,,,
           ,BG-1.....25 - NXE,BG-1.....25 - NXE-W.27            ,                ,W.27            ,PLT6*384,Q355    ,6,384,484,1,8,8.67,8.67,69.36,8.67,69.36,0.38,3.03,15488,,
           ,BG-1.....25 - NXE,BG-1.....25 - NXE-BK.6            ,                ,BK.6            ,H300*200*6*10,Q355    ,,          ,596,1,4,,,,,,,,,,
           ,BG-1.....25 - NXE,BG-1.....25 - NXE-CP.2            ,                ,CP.2            ,PLT16*240,Q355    ,16,240,420,1,4,12.66,,,12.66,50.64,0.22,0.89,,6432,
           ,BG-1.....25 - NXE,BG-1.....25 - NXE-F.54            ,                ,F.54            ,PLT10*200,Q355    ,10,200,580,2,8,8.86,17.72,70.88,17.72,70.88,0.24,1.93,,,
           ,BG-1.....25 - NXE,BG-1.....25 - NXE-R.1             ,                ,R.1             ,PLT6*100,Q355    ,6,100,100,1,4,0.31,,,0.31,1.24,0.02,0.06,,,
           ,BG-1.....25 - NXE,BG-1.....25 - NXE-W.29            ,                ,W.29            ,PLT6*280,Q355    ,6,280,580,1,4,7.58,7.58,30.32,7.58,30.32,0.33,1.33,9280,,
           ,BG-1.....25 - NXE,BG-1.....25 - NXE-BK.7            ,                ,BK.7            ,H300*200*6*10,Q355    ,,          ,596,2,8,,,,,,,,,,
           ,BG-1.....25 - NXE,BG-1.....25 - NXE-CP.2            ,                ,CP.2            ,PLT16*240,Q355    ,16,240,420,1,8,12.66,,,12.66,101.28,0.22,1.78,,12864,
           ,BG-1.....25 - NXE,BG-1.....25 - NXE-F.49            ,                ,F.49            ,PLT10*200,Q355    ,10,200,580,2,16,8.88,17.76,142.08,17.76,142.08,0.24,3.86,,,
           ,BG-1.....25 - NXE,BG-1.....25 - NXE-R.1             ,                ,R.1             ,PLT6*100,Q355    ,6,100,100,1,8,0.31,,,0.31,2.48,0.02,0.12,,,
           ,BG-1.....25 - NXE,BG-1.....25 - NXE-W.29            ,                ,W.29            ,PLT6*280,Q355    ,6,280,580,1,8,7.58,7.58,60.64,7.58,60.64,0.33,2.66,18560,,
           ,BG-1.....25 - NXE,BG-1.....25 - NXE-BK.9            ,                ,BK.9            ,H300*200*6*10,Q355    ,,          ,596,1,4,,,,,,,,,,
           ,BG-1.....25 - NXE,BG-1.....25 - NXE-CP.2            ,                ,CP.2            ,PLT16*240,Q355    ,16,240,420,1,4,12.66,,,12.66,50.64,0.22,0.89,,6432,
           ,BG-1.....25 - NXE,BG-1.....25 - NXE-F.54            ,                ,F.54            ,PLT10*200,Q355    ,10,200,580,2,8,8.86,17.72,70.88,17.72,70.88,0.24,1.93,,,
           ,BG-1.....25 - NXE,BG-1.....25 - NXE-R.1             ,                ,R.1             ,PLT6*100,Q355    ,6,100,100,1,4,0.31,,,0.31,1.24,0.02,0.06,,,
           ,BG-1.....25 - NXE,BG-1.....25 - NXE-W.29            ,                ,W.29            ,PLT6*280,Q355    ,6,280,580,1,4,7.58,7.58,30.32,7.58,30.32,0.33,1.33,9280,,
37,BG-1.....25 - NXE,BG-1.....25 - NXE-SC1.12          ,COT             ,SC1.12          ,H200X200X8X12,Q355    ,,          ,8504,       ,3,             ,567.71,1703.13,523.19,2050.68,9.11,52.44,,57794.4,
           ,BG-1.....25 - NXE,BG-1.....25 - NXE-BP.1            ,                ,BP.1            ,PLT16*240,Q355    ,16,240,240,1,3,7.23,,,7.23,21.69,0.13,0.39,,3744,
           ,BG-1.....25 - NXE,BG-1.....25 - NXE-EP.1            ,                ,EP.1            ,PLT16*240,Q355    ,16,240,320,1,3,9.65,,,9.65,28.95,0.17,0.51,,4224,
           ,BG-1.....25 - NXE,BG-1.....25 - NXE-F.1             ,                ,F.1             ,PLT12*200,Q355    ,12,200,8472,2,6,159.62,319.24,957.72,319.24,957.72,3.6,21.58,,,
           ,BG-1.....25 - NXE,BG-1.....25 - NXE-GP.3            ,                ,GP.3            ,PLT6*186,Q355    ,6,186,188,1,3,1.48,,,1.48,4.44,0.07,0.2,,2913.6,
           ,BG-1.....25 - NXE,BG-1.....25 - NXE-R.1             ,                ,R.1             ,PLT6*100,Q355    ,6,100,100,1,3,0.31,,,0.31,0.93,0.02,0.05,,,
           ,BG-1.....25 - NXE,BG-1.....25 - NXE-S.7             ,                ,S.7             ,PLT6*96,Q355    ,6,96,176,4,12,0.75,,,3,9,0.03,0.42,,7910.4,
           ,BG-1.....25 - NXE,BG-1.....25 - NXE-S.11            ,                ,S.11            ,PLT10*96,Q355    ,10,96,176,4,12,1.22,,,4.88,14.64,0.04,0.43,,7910.4,
           ,BG-1.....25 - NXE,BG-1.....25 - NXE-W.1             ,                ,W.1             ,PLT8*176,Q355    ,8,176,8472,1,3,93.65,93.65,280.95,93.65,280.95,3.12,9.36,101664,,
           ,BG-1.....25 - NXE,BG-1.....25 - NXE-BK.7            ,                ,BK.7            ,H300*200*6*10,Q355    ,,          ,596,4,12,,,,,,,,,,
           ,BG-1.....25 - NXE,BG-1.....25 - NXE-CP.2            ,                ,CP.2            ,PLT16*240,Q355    ,16,240,420,1,12,12.66,,,12.66,151.92,0.22,2.67,,19296,
           ,BG-1.....25 - NXE,BG-1.....25 - NXE-F.49            ,                ,F.49            ,PLT10*200,Q355    ,10,200,580,2,24,8.88,17.76,213.12,17.76,213.12,0.24,5.79,,,
           ,BG-1.....25 - NXE,BG-1.....25 - NXE-R.1             ,                ,R.1             ,PLT6*100,Q355    ,6,100,100,1,12,0.31,,,0.31,3.72,0.02,0.18,,,
           ,BG-1.....25 - NXE,BG-1.....25 - NXE-W.29            ,                ,W.29            ,PLT6*280,Q355    ,6,280,580,1,12,7.58,7.58,90.96,7.58,90.96,0.33,3.99,27840,,
           ,BG-1.....25 - NXE,BG-1.....25 - NXE-BK.8            ,                ,BK.8            ,H400*200*8*10,Q355    ,,          ,502,2,6,,,,,,,,,,
           ,BG-1.....25 - NXE,BG-1.....25 - NXE-CP.8            ,                ,CP.8            ,PLT16*240,Q355    ,16,240,599,1,6,18.09,,,18.09,108.54,0.31,1.89,,11796,
           ,BG-1.....25 - NXE,BG-1.....25 - NXE-F.67            ,                ,F.67            ,PLT10*200,Q355    ,10,200,483,1,6,7.6,7.6,45.6,7.6,45.6,0.21,1.24,,,
           ,BG-1.....25 - NXE,BG-1.....25 - NXE-F.68            ,                ,F.68            ,PLT10*200,Q355    ,10,200,486,1,6,7.64,7.64,45.84,7.64,45.84,0.21,1.25,,,
           ,BG-1.....25 - NXE,BG-1.....25 - NXE-R.1             ,                ,R.1             ,PLT6*100,Q355    ,6,100,100,2,12,0.31,,,0.62,3.72,0.02,0.18,,,
           ,BG-1.....25 - NXE,BG-1.....25 - NXE-W.35            ,                ,W.35            ,PLT8*380,Q355    ,8,380,486,1,6,11.49,11.49,68.94,11.49,68.94,0.38,2.28,11664,,
38,BG-1.....25 - NXE,BG-1.....25 - NXE-SC1.13          ,COT             ,SC1.13          ,H200X200X8X12,Q355    ,,          ,9134,       ,4,             ,627.73,2510.92,585.7,3119,14.51,81.97,,96032,
           ,BG-1.....25 - NXE,BG-1.....25 - NXE-BP.1            ,                ,BP.1            ,PLT16*240,Q355    ,16,240,240,1,4,7.23,,,7.23,28.92,0.13,0.52,,4992,
           ,BG-1.....25 - NXE,BG-1.....25 - NXE-CP.3            ,                ,CP.3            ,PLT16*240,Q355    ,16,240,240,1,4,7.23,,,7.23,28.92,0.13,0.52,,4992,
           ,BG-1.....25 - NXE,BG-1.....25 - NXE-F.2             ,                ,F.2             ,PLT12*200,Q355    ,12,200,9099,1,4,171.43,171.43,685.72,171.43,685.72,3.86,15.45,,,
           ,BG-1.....25 - NXE,BG-1.....25 - NXE-F.3             ,                ,F.3             ,PLT12*200,Q355    ,12,200,9080,1,4,171.07,171.07,684.28,171.07,684.28,3.85,15.42,,,
           ,BG-1.....25 - NXE,BG-1.....25 - NXE-GP.3            ,                ,GP.3            ,PLT6*186,Q355    ,6,186,188,2,8,1.48,,,2.96,11.84,0.07,0.54,,7769.6,
           ,BG-1.....25 - NXE,BG-1.....25 - NXE-S.7             ,                ,S.7             ,PLT6*96,Q355    ,6,96,176,4,16,0.75,,,3,12,0.03,0.56,,10547.2,
           ,BG-1.....25 - NXE,BG-1.....25 - NXE-S.11            ,                ,S.11            ,PLT10*96,Q355    ,10,96,176,4,16,1.22,,,4.88,19.52,0.04,0.58,,10547.2,
           ,BG-1.....25 - NXE,BG-1.....25 - NXE-W.2             ,                ,W.2             ,PLT8*176,Q355    ,8,176,9099,1,4,100.47,100.47,401.88,100.47,401.88,3.35,13.39,145584,,
           ,BG-1.....25 - NXE,BG-1.....25 - NXE-BK.2            ,                ,BK.2            ,H400*200*6*8,Q355    ,,          ,500,2,8,,,,,,,,,,
           ,BG-1.....25 - NXE,BG-1.....25 - NXE-CP.8            ,                ,CP.8            ,PLT16*240,Q355    ,16,240,599,1,8,18.09,,,18.09,144.72,0.31,2.52,,15728,
           ,BG-1.....25 - NXE,BG-1.....25 - NXE-F.56            ,                ,F.56            ,PLT8*200,Q355    ,8,200,484,1,8,6.08,6.08,48.64,6.08,48.64,0.2,1.64,,,
           ,BG-1.....25 - NXE,BG-1.....25 - NXE-F.66            ,                ,F.66            ,PLT8*200,Q355    ,8,200,481,1,8,6.05,6.05,48.4,6.05,48.4,0.2,1.63,,,
           ,BG-1.....25 - NXE,BG-1.....25 - NXE-R.1             ,                ,R.1             ,PLT6*100,Q355    ,6,100,100,2,16,0.31,,,0.62,4.96,0.02,0.24,,,
           ,BG-1.....25 - NXE,BG-1.....25 - NXE-W.27            ,                ,W.27            ,PLT6*384,Q355    ,6,384,484,1,8,8.67,8.67,69.36,8.67,69.36,0.38,3.03,15488,,
           ,BG-1.....25 - NXE,BG-1.....25 - NXE-BK.3            ,                ,BK.3            ,H400*200*6*8,Q355    ,,          ,502,2,8,,,,,,,,,,
           ,BG-1.....25 - NXE,BG-1.....25 - NXE-CP.8            ,                ,CP.8            ,PLT16*240,Q355    ,16,240,599,1,8,18.09,,,18.09,144.72,0.31,2.52,,15728,
           ,BG-1.....25 - NXE,BG-1.....25 - NXE-F.56            ,                ,F.56            ,PLT8*200,Q355    ,8,200,484,1,8,6.08,6.08,48.64,6.08,48.64,0.2,1.64,,,
           ,BG-1.....25 - NXE,BG-1.....25 - NXE-F.57            ,                ,F.57            ,PLT8*200,Q355    ,8,200,486,1,8,6.11,6.11,48.88,6.11,48.88,0.21,1.64,,,
           ,BG-1.....25 - NXE,BG-1.....25 - NXE-R.1             ,                ,R.1             ,PLT6*100,Q355    ,6,100,100,2,16,0.31,,,0.62,4.96,0.02,0.24,,,
           ,BG-1.....25 - NXE,BG-1.....25 - NXE-W.34            ,                ,W.34            ,PLT6*384,Q355    ,6,384,486,1,8,8.71,8.71,69.68,8.71,69.68,0.38,3.04,15552,,
           ,BG-1.....25 - NXE,BG-1.....25 - NXE-BK.7            ,                ,BK.7            ,H300*200*6*10,Q355    ,,          ,596,4,16,,,,,,,,,,
           ,BG-1.....25 - NXE,BG-1.....25 - NXE-CP.2            ,                ,CP.2            ,PLT16*240,Q355    ,16,240,420,1,16,12.66,,,12.66,202.56,0.22,3.56,,25728,
           ,BG-1.....25 - NXE,BG-1.....25 - NXE-F.49            ,                ,F.49            ,PLT10*200,Q355    ,10,200,580,2,32,8.88,17.76,284.16,17.76,284.16,0.24,7.73,,,
           ,BG-1.....25 - NXE,BG-1.....25 - NXE-R.1             ,                ,R.1             ,PLT6*100,Q355    ,6,100,100,1,16,0.31,,,0.31,4.96,0.02,0.24,,,
           ,BG-1.....25 - NXE,BG-1.....25 - NXE-W.29            ,                ,W.29            ,PLT6*280,Q355    ,6,280,580,1,16,7.58,7.58,121.28,7.58,121.28,0.33,5.32,37120,,
39,BG-1.....25 - NXE,BG-1.....25 - NXE-SC1.14          ,COT             ,SC1.14          ,H200X200X8X12,Q355    ,,          ,9500,       ,2,             ,594.97,1189.94,577.81,1464.5,13.97,37.88,,49281.6,
           ,BG-1.....25 - NXE,BG-1.....25 - NXE-BP.1            ,                ,BP.1            ,PLT16*240,Q355    ,16,240,240,1,2,7.23,,,7.23,14.46,0.13,0.26,,2496,
           ,BG-1.....25 - NXE,BG-1.....25 - NXE-CP.7            ,                ,CP.7            ,PLT16*240,Q355    ,16,240,500,1,2,15.07,,,15.07,30.14,0.26,0.53,,3536,
           ,BG-1.....25 - NXE,BG-1.....25 - NXE-EP.1            ,                ,EP.1            ,PLT16*240,Q355    ,16,240,320,1,2,9.65,,,9.65,19.3,0.17,0.34,,2816,
           ,BG-1.....25 - NXE,BG-1.....25 - NXE-F.4             ,                ,F.4             ,PLT12*200,Q355    ,12,200,9468,1,2,178.39,178.39,356.78,178.39,356.78,4.02,8.04,,,
           ,BG-1.....25 - NXE,BG-1.....25 - NXE-F.28            ,                ,F.28            ,PLT12*200,Q355    ,12,200,9468,1,2,168.97,168.97,337.94,168.97,337.94,3.81,7.62,,,
           ,BG-1.....25 - NXE,BG-1.....25 - NXE-GP.3            ,                ,GP.3            ,PLT6*186,Q355    ,6,186,188,2,4,1.48,,,2.96,5.92,0.07,0.27,,3884.8,
           ,BG-1.....25 - NXE,BG-1.....25 - NXE-R.1             ,                ,R.1             ,PLT6*100,Q355    ,6,100,100,1,2,0.31,,,0.31,0.62,0.02,0.03,,,
           ,BG-1.....25 - NXE,BG-1.....25 - NXE-S.7             ,                ,S.7             ,PLT6*96,Q355    ,6,96,176,4,8,0.75,,,3,6,0.03,0.28,,5273.6,
           ,BG-1.....25 - NXE,BG-1.....25 - NXE-S.11            ,                ,S.11            ,PLT10*96,Q355    ,10,96,176,8,16,1.22,,,9.76,19.52,0.04,0.58,,10547.2,
           ,BG-1.....25 - NXE,BG-1.....25 - NXE-W.3             ,                ,W.3             ,PLT8*176,Q355    ,8,176,9468,1,2,104.65,104.65,209.3,104.65,209.3,3.49,6.97,75744,,
           ,BG-1.....25 - NXE,BG-1.....25 - NXE-BK.2            ,                ,BK.2            ,H400*200*6*8,Q355    ,,          ,500,2,4,,,,,,,,,,
           ,BG-1.....25 - NXE,BG-1.....25 - NXE-CP.8            ,                ,CP.8            ,PLT16*240,Q355    ,16,240,599,1,4,18.09,,,18.09,72.36,0.31,1.26,,7864,
           ,BG-1.....25 - NXE,BG-1.....25 - NXE-F.56            ,                ,F.56            ,PLT8*200,Q355    ,8,200,484,1,4,6.08,6.08,24.32,6.08,24.32,0.2,0.82,,,
           ,BG-1.....25 - NXE,BG-1.....25 - NXE-F.66            ,                ,F.66            ,PLT8*200,Q355    ,8,200,481,1,4,6.05,6.05,24.2,6.05,24.2,0.2,0.81,,,
           ,BG-1.....25 - NXE,BG-1.....25 - NXE-R.1             ,                ,R.1             ,PLT6*100,Q355    ,6,100,100,2,8,0.31,,,0.62,2.48,0.02,0.12,,,
           ,BG-1.....25 - NXE,BG-1.....25 - NXE-W.27            ,                ,W.27            ,PLT6*384,Q355    ,6,384,484,1,4,8.67,8.67,34.68,8.67,34.68,0.38,1.51,7744,,
           ,BG-1.....25 - NXE,BG-1.....25 - NXE-BK.7            ,                ,BK.7            ,H300*200*6*10,Q355    ,,          ,596,4,8,,,,,,,,,,
           ,BG-1.....25 - NXE,BG-1.....25 - NXE-CP.2            ,                ,CP.2            ,PLT16*240,Q355    ,16,240,420,1,8,12.66,,,12.66,101.28,0.22,1.78,,12864,
           ,BG-1.....25 - NXE,BG-1.....25 - NXE-F.49            ,                ,F.49            ,PLT10*200,Q355    ,10,200,580,2,16,8.88,17.76,142.08,17.76,142.08,0.24,3.86,,,
           ,BG-1.....25 - NXE,BG-1.....25 - NXE-R.1             ,                ,R.1             ,PLT6*100,Q355    ,6,100,100,1,8,0.31,,,0.31,2.48,0.02,0.12,,,
           ,BG-1.....25 - NXE,BG-1.....25 - NXE-W.29            ,                ,W.29            ,PLT6*280,Q355    ,6,280,580,1,8,7.58,7.58,60.64,7.58,60.64,0.33,2.66,18560,,
40,BG-1.....25 - NXE,BG-1.....25 - NXE-SC1.15          ,COT             ,SC1.15          ,H200X200X8X12,Q355    ,,          ,9500,       ,2,             ,594.97,1189.94,577.81,1464.5,13.97,37.88,,49281.6,
           ,BG-1.....25 - NXE,BG-1.....25 - NXE-BP.1            ,                ,BP.1            ,PLT16*240,Q355    ,16,240,240,1,2,7.23,,,7.23,14.46,0.13,0.26,,2496,
           ,BG-1.....25 - NXE,BG-1.....25 - NXE-CP.7            ,                ,CP.7            ,PLT16*240,Q355    ,16,240,500,1,2,15.07,,,15.07,30.14,0.26,0.53,,3536,
           ,BG-1.....25 - NXE,BG-1.....25 - NXE-EP.1            ,                ,EP.1            ,PLT16*240,Q355    ,16,240,320,1,2,9.65,,,9.65,19.3,0.17,0.34,,2816,
           ,BG-1.....25 - NXE,BG-1.....25 - NXE-F.4             ,                ,F.4             ,PLT12*200,Q355    ,12,200,9468,1,2,178.39,178.39,356.78,178.39,356.78,4.02,8.04,,,
           ,BG-1.....25 - NXE,BG-1.....25 - NXE-F.29            ,                ,F.29            ,PLT12*200,Q355    ,12,200,9468,1,2,168.97,168.97,337.94,168.97,337.94,3.81,7.62,,,
           ,BG-1.....25 - NXE,BG-1.....25 - NXE-GP.3            ,                ,GP.3            ,PLT6*186,Q355    ,6,186,188,2,4,1.48,,,2.96,5.92,0.07,0.27,,3884.8,
           ,BG-1.....25 - NXE,BG-1.....25 - NXE-R.1             ,                ,R.1             ,PLT6*100,Q355    ,6,100,100,1,2,0.31,,,0.31,0.62,0.02,0.03,,,
           ,BG-1.....25 - NXE,BG-1.....25 - NXE-S.7             ,                ,S.7             ,PLT6*96,Q355    ,6,96,176,4,8,0.75,,,3,6,0.03,0.28,,5273.6,
           ,BG-1.....25 - NXE,BG-1.....25 - NXE-S.11            ,                ,S.11            ,PLT10*96,Q355    ,10,96,176,8,16,1.22,,,9.76,19.52,0.04,0.58,,10547.2,
           ,BG-1.....25 - NXE,BG-1.....25 - NXE-W.3             ,                ,W.3             ,PLT8*176,Q355    ,8,176,9468,1,2,104.65,104.65,209.3,104.65,209.3,3.49,6.97,75744,,
           ,BG-1.....25 - NXE,BG-1.....25 - NXE-BK.2            ,                ,BK.2            ,H400*200*6*8,Q355    ,,          ,500,2,4,,,,,,,,,,
           ,BG-1.....25 - NXE,BG-1.....25 - NXE-CP.8            ,                ,CP.8            ,PLT16*240,Q355    ,16,240,599,1,4,18.09,,,18.09,72.36,0.31,1.26,,7864,
           ,BG-1.....25 - NXE,BG-1.....25 - NXE-F.56            ,                ,F.56            ,PLT8*200,Q355    ,8,200,484,1,4,6.08,6.08,24.32,6.08,24.32,0.2,0.82,,,
           ,BG-1.....25 - NXE,BG-1.....25 - NXE-F.66            ,                ,F.66            ,PLT8*200,Q355    ,8,200,481,1,4,6.05,6.05,24.2,6.05,24.2,0.2,0.81,,,
           ,BG-1.....25 - NXE,BG-1.....25 - NXE-R.1             ,                ,R.1             ,PLT6*100,Q355    ,6,100,100,2,8,0.31,,,0.62,2.48,0.02,0.12,,,
           ,BG-1.....25 - NXE,BG-1.....25 - NXE-W.27            ,                ,W.27            ,PLT6*384,Q355    ,6,384,484,1,4,8.67,8.67,34.68,8.67,34.68,0.38,1.51,7744,,
           ,BG-1.....25 - NXE,BG-1.....25 - NXE-BK.7            ,                ,BK.7            ,H300*200*6*10,Q355    ,,          ,596,4,8,,,,,,,,,,
           ,BG-1.....25 - NXE,BG-1.....25 - NXE-CP.2            ,                ,CP.2            ,PLT16*240,Q355    ,16,240,420,1,8,12.66,,,12.66,101.28,0.22,1.78,,12864,
           ,BG-1.....25 - NXE,BG-1.....25 - NXE-F.49            ,                ,F.49            ,PLT10*200,Q355    ,10,200,580,2,16,8.88,17.76,142.08,17.76,142.08,0.24,3.86,,,
           ,BG-1.....25 - NXE,BG-1.....25 - NXE-R.1             ,                ,R.1             ,PLT6*100,Q355    ,6,100,100,1,8,0.31,,,0.31,2.48,0.02,0.12,,,
           ,BG-1.....25 - NXE,BG-1.....25 - NXE-W.29            ,                ,W.29            ,PLT6*280,Q355    ,6,280,580,1,8,7.58,7.58,60.64,7.58,60.64,0.33,2.66,18560,,
41,BG-1.....25 - NXE,BG-1.....25 - NXE-SC1.16          ,COT             ,SC1.16          ,H200X200X8X12,Q355    ,,          ,9500,       ,2,             ,594.97,1189.94,577.81,1464.5,13.97,37.88,,49281.6,
           ,BG-1.....25 - NXE,BG-1.....25 - NXE-BP.1            ,                ,BP.1            ,PLT16*240,Q355    ,16,240,240,1,2,7.23,,,7.23,14.46,0.13,0.26,,2496,
           ,BG-1.....25 - NXE,BG-1.....25 - NXE-CP.7            ,                ,CP.7            ,PLT16*240,Q355    ,16,240,500,1,2,15.07,,,15.07,30.14,0.26,0.53,,3536,
           ,BG-1.....25 - NXE,BG-1.....25 - NXE-EP.1            ,                ,EP.1            ,PLT16*240,Q355    ,16,240,320,1,2,9.65,,,9.65,19.3,0.17,0.34,,2816,
           ,BG-1.....25 - NXE,BG-1.....25 - NXE-F.4             ,                ,F.4             ,PLT12*200,Q355    ,12,200,9468,1,2,178.39,178.39,356.78,178.39,356.78,4.02,8.04,,,
           ,BG-1.....25 - NXE,BG-1.....25 - NXE-F.30            ,                ,F.30            ,PLT12*200,Q355    ,12,200,9468,1,2,168.97,168.97,337.94,168.97,337.94,3.81,7.62,,,
           ,BG-1.....25 - NXE,BG-1.....25 - NXE-GP.3            ,                ,GP.3            ,PLT6*186,Q355    ,6,186,188,2,4,1.48,,,2.96,5.92,0.07,0.27,,3884.8,
           ,BG-1.....25 - NXE,BG-1.....25 - NXE-R.1             ,                ,R.1             ,PLT6*100,Q355    ,6,100,100,1,2,0.31,,,0.31,0.62,0.02,0.03,,,
           ,BG-1.....25 - NXE,BG-1.....25 - NXE-S.7             ,                ,S.7             ,PLT6*96,Q355    ,6,96,176,4,8,0.75,,,3,6,0.03,0.28,,5273.6,
           ,BG-1.....25 - NXE,BG-1.....25 - NXE-S.11            ,                ,S.11            ,PLT10*96,Q355    ,10,96,176,8,16,1.22,,,9.76,19.52,0.04,0.58,,10547.2,
           ,BG-1.....25 - NXE,BG-1.....25 - NXE-W.3             ,                ,W.3             ,PLT8*176,Q355    ,8,176,9468,1,2,104.65,104.65,209.3,104.65,209.3,3.49,6.97,75744,,
           ,BG-1.....25 - NXE,BG-1.....25 - NXE-BK.2            ,                ,BK.2            ,H400*200*6*8,Q355    ,,          ,500,2,4,,,,,,,,,,
           ,BG-1.....25 - NXE,BG-1.....25 - NXE-CP.8            ,                ,CP.8            ,PLT16*240,Q355    ,16,240,599,1,4,18.09,,,18.09,72.36,0.31,1.26,,7864,
           ,BG-1.....25 - NXE,BG-1.....25 - NXE-F.56            ,                ,F.56            ,PLT8*200,Q355    ,8,200,484,1,4,6.08,6.08,24.32,6.08,24.32,0.2,0.82,,,
           ,BG-1.....25 - NXE,BG-1.....25 - NXE-F.66            ,                ,F.66            ,PLT8*200,Q355    ,8,200,481,1,4,6.05,6.05,24.2,6.05,24.2,0.2,0.81,,,
           ,BG-1.....25 - NXE,BG-1.....25 - NXE-R.1             ,                ,R.1             ,PLT6*100,Q355    ,6,100,100,2,8,0.31,,,0.62,2.48,0.02,0.12,,,
           ,BG-1.....25 - NXE,BG-1.....25 - NXE-W.27            ,                ,W.27            ,PLT6*384,Q355    ,6,384,484,1,4,8.67,8.67,34.68,8.67,34.68,0.38,1.51,7744,,
           ,BG-1.....25 - NXE,BG-1.....25 - NXE-BK.7            ,                ,BK.7            ,H300*200*6*10,Q355    ,,          ,596,4,8,,,,,,,,,,
           ,BG-1.....25 - NXE,BG-1.....25 - NXE-CP.2            ,                ,CP.2            ,PLT16*240,Q355    ,16,240,420,1,8,12.66,,,12.66,101.28,0.22,1.78,,12864,
           ,BG-1.....25 - NXE,BG-1.....25 - NXE-F.49            ,                ,F.49            ,PLT10*200,Q355    ,10,200,580,2,16,8.88,17.76,142.08,17.76,142.08,0.24,3.86,,,
           ,BG-1.....25 - NXE,BG-1.....25 - NXE-R.1             ,                ,R.1             ,PLT6*100,Q355    ,6,100,100,1,8,0.31,,,0.31,2.48,0.02,0.12,,,
           ,BG-1.....25 - NXE,BG-1.....25 - NXE-W.29            ,                ,W.29            ,PLT6*280,Q355    ,6,280,580,1,8,7.58,7.58,60.64,7.58,60.64,0.33,2.66,18560,,
42,BG-1.....25 - NXE,BG-1.....25 - NXE-SC1.17          ,COT             ,SC1.17          ,H200X200X8X12,Q355    ,,          ,9132,       ,1,             ,576.96,576.96,586.57,704,14.51,18.39,,21139.2,
           ,BG-1.....25 - NXE,BG-1.....25 - NXE-BP.1            ,                ,BP.1            ,PLT16*240,Q355    ,16,240,240,1,1,7.23,,,7.23,7.23,0.13,0.13,,1248,
           ,BG-1.....25 - NXE,BG-1.....25 - NXE-CP.3            ,                ,CP.3            ,PLT16*240,Q355    ,16,240,240,1,1,7.23,,,7.23,7.23,0.13,0.13,,1248,
           ,BG-1.....25 - NXE,BG-1.....25 - NXE-F.2             ,                ,F.2             ,PLT12*200,Q355    ,12,200,9097,1,1,171.39,171.39,171.39,171.39,171.39,3.86,3.86,,,
           ,BG-1.....25 - NXE,BG-1.....25 - NXE-F.3             ,                ,F.3             ,PLT12*200,Q355    ,12,200,9078,1,1,171.04,171.04,171.04,171.04,171.04,3.85,3.85,,,
           ,BG-1.....25 - NXE,BG-1.....25 - NXE-GP.3            ,                ,GP.3            ,PLT6*186,Q355    ,6,186,188,1,1,1.48,,,1.48,1.48,0.07,0.07,,971.2,
           ,BG-1.....25 - NXE,BG-1.....25 - NXE-S.7             ,                ,S.7             ,PLT6*96,Q355    ,6,96,176,4,4,0.75,,,3,3,0.03,0.14,,2636.8,
           ,BG-1.....25 - NXE,BG-1.....25 - NXE-S.11            ,                ,S.11            ,PLT10*96,Q355    ,10,96,176,6,6,1.22,,,7.32,7.32,0.04,0.22,,3955.2,
           ,BG-1.....25 - NXE,BG-1.....25 - NXE-W.2             ,                ,W.2             ,PLT8*176,Q355    ,8,176,9097,1,1,100.45,100.45,100.45,100.45,100.45,3.35,3.35,36388,,
           ,BG-1.....25 - NXE,BG-1.....25 - NXE-BK.2            ,                ,BK.2            ,H400*200*6*8,Q355    ,,          ,500,2,2,,,,,,,,,,
           ,BG-1.....25 - NXE,BG-1.....25 - NXE-CP.8            ,                ,CP.8            ,PLT16*240,Q355    ,16,240,599,1,2,18.09,,,18.09,36.18,0.31,0.63,,3932,
           ,BG-1.....25 - NXE,BG-1.....25 - NXE-F.56            ,                ,F.56            ,PLT8*200,Q355    ,8,200,484,1,2,6.08,6.08,12.16,6.08,12.16,0.2,0.41,,,
           ,BG-1.....25 - NXE,BG-1.....25 - NXE-F.66            ,                ,F.66            ,PLT8*200,Q355    ,8,200,481,1,2,6.05,6.05,12.1,6.05,12.1,0.2,0.41,,,
           ,BG-1.....25 - NXE,BG-1.....25 - NXE-R.1             ,                ,R.1             ,PLT6*100,Q355    ,6,100,100,2,4,0.31,,,0.62,1.24,0.02,0.06,,,
           ,BG-1.....25 - NXE,BG-1.....25 - NXE-W.27            ,                ,W.27            ,PLT6*384,Q355    ,6,384,484,1,2,8.67,8.67,17.34,8.67,17.34,0.38,0.76,3872,,
           ,BG-1.....25 - NXE,BG-1.....25 - NXE-BK.3            ,                ,BK.3            ,H400*200*6*8,Q355    ,,          ,502,2,2,,,,,,,,,,
           ,BG-1.....25 - NXE,BG-1.....25 - NXE-CP.8            ,                ,CP.8            ,PLT16*240,Q355    ,16,240,599,1,2,18.09,,,18.09,36.18,0.31,0.63,,3932,
           ,BG-1.....25 - NXE,BG-1.....25 - NXE-F.56            ,                ,F.56            ,PLT8*200,Q355    ,8,200,484,1,2,6.08,6.08,12.16,6.08,12.16,0.2,0.41,,,
           ,BG-1.....25 - NXE,BG-1.....25 - NXE-F.57            ,                ,F.57            ,PLT8*200,Q355    ,8,200,486,1,2,6.11,6.11,12.22,6.11,12.22,0.21,0.41,,,
           ,BG-1.....25 - NXE,BG-1.....25 - NXE-R.1             ,                ,R.1             ,PLT6*100,Q355    ,6,100,100,2,4,0.31,,,0.62,1.24,0.02,0.06,,,
           ,BG-1.....25 - NXE,BG-1.....25 - NXE-W.34            ,                ,W.34            ,PLT6*384,Q355    ,6,384,486,1,2,8.71,8.71,17.42,8.71,17.42,0.38,0.76,3888,,
           ,BG-1.....25 - NXE,BG-1.....25 - NXE-BK.7            ,                ,BK.7            ,H300*200*6*10,Q355    ,,          ,596,2,2,,,,,,,,,,
           ,BG-1.....25 - NXE,BG-1.....25 - NXE-CP.2            ,                ,CP.2            ,PLT16*240,Q355    ,16,240,420,1,2,12.66,,,12.66,25.32,0.22,0.45,,3216,
           ,BG-1.....25 - NXE,BG-1.....25 - NXE-F.49            ,                ,F.49            ,PLT10*200,Q355    ,10,200,580,2,4,8.88,17.76,35.52,17.76,35.52,0.24,0.97,,,
           ,BG-1.....25 - NXE,BG-1.....25 - NXE-R.1             ,                ,R.1             ,PLT6*100,Q355    ,6,100,100,1,2,0.31,,,0.31,0.62,0.02,0.03,,,
           ,BG-1.....25 - NXE,BG-1.....25 - NXE-W.29            ,                ,W.29            ,PLT6*280,Q355    ,6,280,580,1,2,7.58,7.58,15.16,7.58,15.16,0.33,0.66,4640,,
43,BG-1.....25 - NXE,BG-1.....25 - NXE-SC1.18          ,COT             ,SC1.18          ,H200X200X8X12,Q355    ,,          ,9524,       ,1,             ,588.95,588.95,611.34,727.39,14.78,18.72,,22320.8,
           ,BG-1.....25 - NXE,BG-1.....25 - NXE-BP.1            ,                ,BP.1            ,PLT16*240,Q355    ,16,240,240,1,1,7.23,,,7.23,7.23,0.13,0.13,,1248,
           ,BG-1.....25 - NXE,BG-1.....25 - NXE-CP.1            ,                ,CP.1            ,PLT16*240,Q355    ,16,240,420,1,1,12.66,,,12.66,12.66,0.22,0.22,,1608,
           ,BG-1.....25 - NXE,BG-1.....25 - NXE-CP.2            ,                ,CP.2            ,PLT16*240,Q355    ,16,240,420,1,1,12.66,,,12.66,12.66,0.22,0.22,,1608,
           ,BG-1.....25 - NXE,BG-1.....25 - NXE-CP.3            ,                ,CP.3            ,PLT16*240,Q355    ,16,240,240,1,1,7.23,,,7.23,7.23,0.13,0.13,,1248,
           ,BG-1.....25 - NXE,BG-1.....25 - NXE-F.37            ,                ,F.37            ,PLT12*200,Q355    ,12,200,9489,1,1,162.95,162.95,162.95,162.95,162.95,3.68,3.68,,,
           ,BG-1.....25 - NXE,BG-1.....25 - NXE-F.38            ,                ,F.38            ,PLT12*200,Q355    ,12,200,9470,1,1,178.42,178.42,178.42,178.42,178.42,4.02,4.02,,,
           ,BG-1.....25 - NXE,BG-1.....25 - NXE-GP.3            ,                ,GP.3            ,PLT6*186,Q355    ,6,186,188,1,1,1.48,,,1.48,1.48,0.07,0.07,,971.2,
           ,BG-1.....25 - NXE,BG-1.....25 - NXE-S.7             ,                ,S.7             ,PLT6*96,Q355    ,6,96,176,4,4,0.75,,,3,3,0.03,0.14,,2636.8,
           ,BG-1.....25 - NXE,BG-1.....25 - NXE-S.11            ,                ,S.11            ,PLT10*96,Q355    ,10,96,176,4,4,1.22,,,4.88,4.88,0.04,0.14,,2636.8,
           ,BG-1.....25 - NXE,BG-1.....25 - NXE-W.20            ,                ,W.20            ,PLT8*176,Q355    ,8,176,9489,1,1,104.78,104.78,104.78,104.78,104.78,3.49,3.49,37956,,
           ,BG-1.....25 - NXE,BG-1.....25 - NXE-BK.2            ,                ,BK.2            ,H400*200*6*8,Q355    ,,          ,500,2,2,,,,,,,,,,
           ,BG-1.....25 - NXE,BG-1.....25 - NXE-CP.8            ,                ,CP.8            ,PLT16*240,Q355    ,16,240,599,1,2,18.09,,,18.09,36.18,0.31,0.63,,3932,
           ,BG-1.....25 - NXE,BG-1.....25 - NXE-F.56            ,                ,F.56            ,PLT8*200,Q355    ,8,200,484,1,2,6.08,6.08,12.16,6.08,12.16,0.2,0.41,,,
           ,BG-1.....25 - NXE,BG-1.....25 - NXE-F.66            ,                ,F.66            ,PLT8*200,Q355    ,8,200,481,1,2,6.05,6.05,12.1,6.05,12.1,0.2,0.41,,,
           ,BG-1.....25 - NXE,BG-1.....25 - NXE-R.1             ,                ,R.1             ,PLT6*100,Q355    ,6,100,100,2,4,0.31,,,0.62,1.24,0.02,0.06,,,
           ,BG-1.....25 - NXE,BG-1.....25 - NXE-W.27            ,                ,W.27            ,PLT6*384,Q355    ,6,384,484,1,2,8.67,8.67,17.34,8.67,17.34,0.38,0.76,3872,,
           ,BG-1.....25 - NXE,BG-1.....25 - NXE-BK.6            ,                ,BK.6            ,H300*200*6*10,Q355    ,,          ,596,2,2,,,,,,,,,,
           ,BG-1.....25 - NXE,BG-1.....25 - NXE-CP.2            ,                ,CP.2            ,PLT16*240,Q355    ,16,240,420,1,2,12.66,,,12.66,25.32,0.22,0.45,,3216,
           ,BG-1.....25 - NXE,BG-1.....25 - NXE-F.54            ,                ,F.54            ,PLT10*200,Q355    ,10,200,580,2,4,8.86,17.72,35.44,17.72,35.44,0.24,0.96,,,
           ,BG-1.....25 - NXE,BG-1.....25 - NXE-R.1             ,                ,R.1             ,PLT6*100,Q355    ,6,100,100,1,2,0.31,,,0.31,0.62,0.02,0.03,,,
           ,BG-1.....25 - NXE,BG-1.....25 - NXE-W.29            ,                ,W.29            ,PLT6*280,Q355    ,6,280,580,1,2,7.58,7.58,15.16,7.58,15.16,0.33,0.66,4640,,
           ,BG-1.....25 - NXE,BG-1.....25 - NXE-BK.9            ,                ,BK.9            ,H300*200*6*10,Q355    ,,          ,596,2,2,,,,,,,,,,
           ,BG-1.....25 - NXE,BG-1.....25 - NXE-CP.2            ,                ,CP.2            ,PLT16*240,Q355    ,16,240,420,1,2,12.66,,,12.66,25.32,0.22,0.45,,3216,
           ,BG-1.....25 - NXE,BG-1.....25 - NXE-F.54            ,                ,F.54            ,PLT10*200,Q355    ,10,200,580,2,4,8.86,17.72,35.44,17.72,35.44,0.24,0.96,,,
           ,BG-1.....25 - NXE,BG-1.....25 - NXE-R.1             ,                ,R.1             ,PLT6*100,Q355    ,6,100,100,1,2,0.31,,,0.31,0.62,0.02,0.03,,,
           ,BG-1.....25 - NXE,BG-1.....25 - NXE-W.29            ,                ,W.29            ,PLT6*280,Q355    ,6,280,580,1,2,7.58,7.58,15.16,7.58,15.16,0.33,0.66,4640,,
44,BG-1.....25 - NXE,BG-1.....25 - NXE-SC1.19          ,COT             ,SC1.19          ,H200X200X8X12,Q355    ,,          ,3640,       ,1,             ,215.98,215.98,261.81,261.81,6.62,6.62,,6072,
           ,BG-1.....25 - NXE,BG-1.....25 - NXE-BP.1            ,                ,BP.1            ,PLT16*240,Q355    ,16,240,240,1,1,7.23,,,7.23,7.23,0.13,0.13,,1248,
           ,BG-1.....25 - NXE,BG-1.....25 - NXE-CP.2            ,                ,CP.2            ,PLT16*240,Q355    ,16,240,420,1,1,12.66,,,12.66,12.66,0.22,0.22,,1608,
           ,BG-1.....25 - NXE,BG-1.....25 - NXE-F.31            ,                ,F.31            ,PLT12*200,Q355    ,12,200,3544,1,1,66.78,66.78,66.78,66.78,66.78,1.51,1.51,,,
           ,BG-1.....25 - NXE,BG-1.....25 - NXE-F.32            ,                ,F.32            ,PLT12*200,Q355    ,12,200,3124,1,1,58.87,58.87,58.87,58.87,58.87,1.33,1.33,,,
           ,BG-1.....25 - NXE,BG-1.....25 - NXE-W.17            ,                ,W.17            ,PLT8*176,Q355    ,8,176,3544,1,1,39.18,39.18,39.18,39.18,39.18,1.31,1.31,14176,,
           ,BG-1.....25 - NXE,BG-1.....25 - NXE-BK.4            ,                ,BK.4            ,H300*200*6*10,Q355    ,,          ,641,1,1,,,,,,,,,,
           ,BG-1.....25 - NXE,BG-1.....25 - NXE-CP.2            ,                ,CP.2            ,PLT16*240,Q355    ,16,240,420,1,1,12.66,,,12.66,12.66,0.22,0.22,,1608,
           ,BG-1.....25 - NXE,BG-1.....25 - NXE-F.62            ,                ,F.62            ,PLT10*200,Q355    ,10,200,586,1,1,8.96,8.96,8.96,8.96,8.96,0.24,0.24,,,
           ,BG-1.....25 - NXE,BG-1.....25 - NXE-F.63            ,                ,F.63            ,PLT10*200,Q355    ,10,200,625,1,1,9.57,9.57,9.57,9.57,9.57,0.26,0.26,,,
           ,BG-1.....25 - NXE,BG-1.....25 - NXE-R.1             ,                ,R.1             ,PLT6*100,Q355    ,6,100,100,1,1,0.31,,,0.31,0.31,0.02,0.02,,,
           ,BG-1.....25 - NXE,BG-1.....25 - NXE-W.41            ,                ,W.41            ,PLT6*280,Q355    ,6,280,621,1,1,7.93,7.93,7.93,7.93,7.93,0.35,0.35,2484,,
           ,BG-1.....25 - NXE,BG-1.....25 - NXE-BK.5            ,                ,BK.5            ,H300*200*6*10,Q355    ,,          ,600,1,1,,,,,,,,,,
           ,BG-1.....25 - NXE,BG-1.....25 - NXE-CP.2            ,                ,CP.2            ,PLT16*240,Q355    ,16,240,420,1,1,12.66,,,12.66,12.66,0.22,0.22,,1608,
           ,BG-1.....25 - NXE,BG-1.....25 - NXE-F.60            ,                ,F.60            ,PLT10*200,Q355    ,10,200,584,1,1,8.94,8.94,8.94,8.94,8.94,0.24,0.24,,,
           ,BG-1.....25 - NXE,BG-1.....25 - NXE-F.61            ,                ,F.61            ,PLT10*200,Q355    ,10,200,547,1,1,8.35,8.35,8.35,8.35,8.35,0.23,0.23,,,
           ,BG-1.....25 - NXE,BG-1.....25 - NXE-R.1             ,                ,R.1             ,PLT6*100,Q355    ,6,100,100,1,1,0.31,,,0.31,0.31,0.02,0.02,,,
           ,BG-1.....25 - NXE,BG-1.....25 - NXE-W.40            ,                ,W.40            ,PLT6*280,Q355    ,6,280,581,1,1,7.4,7.4,7.4,7.4,7.4,0.32,0.32,2324,,
45,BG-1.....25 - NXE,BG-1.....25 - NXE-SC1.20          ,COT             ,SC1.20          ,H200X200X8X12,Q355    ,,          ,9740,       ,1,             ,532.59,532.59,582.66,620.93,14.22,15.65,,15622.4,
           ,BG-1.....25 - NXE,BG-1.....25 - NXE-BP.1            ,                ,BP.1            ,PLT16*240,Q355    ,16,240,240,1,1,7.23,,,7.23,7.23,0.13,0.13,,1248,
           ,BG-1.....25 - NXE,BG-1.....25 - NXE-CP.2            ,                ,CP.2            ,PLT16*240,Q355    ,16,240,420,1,1,12.66,,,12.66,12.66,0.22,0.22,,1608,
           ,BG-1.....25 - NXE,BG-1.....25 - NXE-CP.4            ,                ,CP.4            ,PLT16*240,Q355    ,16,240,420,1,1,12.66,,,12.66,12.66,0.22,0.22,,1608,
           ,BG-1.....25 - NXE,BG-1.....25 - NXE-EP.1            ,                ,EP.1            ,PLT16*240,Q355    ,16,240,320,1,1,9.65,,,9.65,9.65,0.17,0.17,,1408,
           ,BG-1.....25 - NXE,BG-1.....25 - NXE-F.41            ,                ,F.41            ,PLT12*200,Q355    ,12,200,9708,1,1,182.91,182.91,182.91,182.91,182.91,4.12,4.12,,,
           ,BG-1.....25 - NXE,BG-1.....25 - NXE-F.42            ,                ,F.42            ,PLT12*200,Q355    ,12,200,9708,1,1,167.08,167.08,167.08,167.08,167.08,3.77,3.77,,,
           ,BG-1.....25 - NXE,BG-1.....25 - NXE-GP.3            ,                ,GP.3            ,PLT6*186,Q355    ,6,186,188,1,1,1.48,,,1.48,1.48,0.07,0.07,,971.2,
           ,BG-1.....25 - NXE,BG-1.....25 - NXE-R.1             ,                ,R.1             ,PLT6*100,Q355    ,6,100,100,1,1,0.31,,,0.31,0.31,0.02,0.02,,,
           ,BG-1.....25 - NXE,BG-1.....25 - NXE-S.7             ,                ,S.7             ,PLT6*96,Q355    ,6,96,176,4,4,0.75,,,3,3,0.03,0.14,,2636.8,
           ,BG-1.....25 - NXE,BG-1.....25 - NXE-S.11            ,                ,S.11            ,PLT10*96,Q355    ,10,96,176,2,2,1.22,,,2.44,2.44,0.04,0.07,,1318.4,
           ,BG-1.....25 - NXE,BG-1.....25 - NXE-W.22            ,                ,W.22            ,PLT8*176,Q355    ,8,176,9708,1,1,107.31,107.31,107.31,107.31,107.31,3.58,3.58,38832,,
           ,BG-1.....25 - NXE,BG-1.....25 - NXE-BK.5            ,                ,BK.5            ,H300*200*6*10,Q355    ,,          ,600,1,1,,,,,,,,,,
           ,BG-1.....25 - NXE,BG-1.....25 - NXE-CP.2            ,                ,CP.2            ,PLT16*240,Q355    ,16,240,420,1,1,12.66,,,12.66,12.66,0.22,0.22,,1608,
           ,BG-1.....25 - NXE,BG-1.....25 - NXE-F.60            ,                ,F.60            ,PLT10*200,Q355    ,10,200,584,1,1,8.94,8.94,8.94,8.94,8.94,0.24,0.24,,,
           ,BG-1.....25 - NXE,BG-1.....25 - NXE-F.61            ,                ,F.61            ,PLT10*200,Q355    ,10,200,547,1,1,8.35,8.35,8.35,8.35,8.35,0.23,0.23,,,
           ,BG-1.....25 - NXE,BG-1.....25 - NXE-R.1             ,                ,R.1             ,PLT6*100,Q355    ,6,100,100,1,1,0.31,,,0.31,0.31,0.02,0.02,,,
           ,BG-1.....25 - NXE,BG-1.....25 - NXE-W.40            ,                ,W.40            ,PLT6*280,Q355    ,6,280,581,1,1,7.4,7.4,7.4,7.4,7.4,0.32,0.32,2324,,
           ,BG-1.....25 - NXE,BG-1.....25 - NXE-BK.6            ,                ,BK.6            ,H300*200*6*10,Q355    ,,          ,596,2,2,,,,,,,,,,
           ,BG-1.....25 - NXE,BG-1.....25 - NXE-CP.2            ,                ,CP.2            ,PLT16*240,Q355    ,16,240,420,1,2,12.66,,,12.66,25.32,0.22,0.45,,3216,
           ,BG-1.....25 - NXE,BG-1.....25 - NXE-F.54            ,                ,F.54            ,PLT10*200,Q355    ,10,200,580,2,4,8.86,17.72,35.44,17.72,35.44,0.24,0.96,,,
           ,BG-1.....25 - NXE,BG-1.....25 - NXE-R.1             ,                ,R.1             ,PLT6*100,Q355    ,6,100,100,1,2,0.31,,,0.31,0.62,0.02,0.03,,,
           ,BG-1.....25 - NXE,BG-1.....25 - NXE-W.29            ,                ,W.29            ,PLT6*280,Q355    ,6,280,580,1,2,7.58,7.58,15.16,7.58,15.16,0.33,0.66,4640,,
46,BG-1.....25 - NXE,BG-1.....25 - NXE-SC1.21          ,COT             ,SC1.21          ,H200X200X8X12,Q355    ,,          ,4390,       ,1,             ,252.53,252.53,298.36,298.36,7.53,7.53,,6072,
           ,BG-1.....25 - NXE,BG-1.....25 - NXE-BP.1            ,                ,BP.1            ,PLT16*240,Q355    ,16,240,240,1,1,7.23,,,7.23,7.23,0.13,0.13,,1248,
           ,BG-1.....25 - NXE,BG-1.....25 - NXE-CP.2            ,                ,CP.2            ,PLT16*240,Q355    ,16,240,420,1,1,12.66,,,12.66,12.66,0.22,0.22,,1608,
           ,BG-1.....25 - NXE,BG-1.....25 - NXE-F.33            ,                ,F.33            ,PLT12*200,Q355    ,12,200,4294,1,1,80.91,80.91,80.91,80.91,80.91,1.83,1.83,,,
           ,BG-1.....25 - NXE,BG-1.....25 - NXE-F.34            ,                ,F.34            ,PLT12*200,Q355    ,12,200,3874,1,1,73,73,73,73,73,1.65,1.65,,,
           ,BG-1.....25 - NXE,BG-1.....25 - NXE-W.18            ,                ,W.18            ,PLT8*176,Q355    ,8,176,4294,1,1,47.47,47.47,47.47,47.47,47.47,1.58,1.58,17176,,
           ,BG-1.....25 - NXE,BG-1.....25 - NXE-BK.4            ,                ,BK.4            ,H300*200*6*10,Q355    ,,          ,641,1,1,,,,,,,,,,
           ,BG-1.....25 - NXE,BG-1.....25 - NXE-CP.2            ,                ,CP.2            ,PLT16*240,Q355    ,16,240,420,1,1,12.66,,,12.66,12.66,0.22,0.22,,1608,
           ,BG-1.....25 - NXE,BG-1.....25 - NXE-F.62            ,                ,F.62            ,PLT10*200,Q355    ,10,200,586,1,1,8.96,8.96,8.96,8.96,8.96,0.24,0.24,,,
           ,BG-1.....25 - NXE,BG-1.....25 - NXE-F.63            ,                ,F.63            ,PLT10*200,Q355    ,10,200,625,1,1,9.57,9.57,9.57,9.57,9.57,0.26,0.26,,,
           ,BG-1.....25 - NXE,BG-1.....25 - NXE-R.1             ,                ,R.1             ,PLT6*100,Q355    ,6,100,100,1,1,0.31,,,0.31,0.31,0.02,0.02,,,
           ,BG-1.....25 - NXE,BG-1.....25 - NXE-W.41            ,                ,W.41            ,PLT6*280,Q355    ,6,280,621,1,1,7.93,7.93,7.93,7.93,7.93,0.35,0.35,2484,,
           ,BG-1.....25 - NXE,BG-1.....25 - NXE-BK.5            ,                ,BK.5            ,H300*200*6*10,Q355    ,,          ,600,1,1,,,,,,,,,,
           ,BG-1.....25 - NXE,BG-1.....25 - NXE-CP.2            ,                ,CP.2            ,PLT16*240,Q355    ,16,240,420,1,1,12.66,,,12.66,12.66,0.22,0.22,,1608,
           ,BG-1.....25 - NXE,BG-1.....25 - NXE-F.60            ,                ,F.60            ,PLT10*200,Q355    ,10,200,584,1,1,8.94,8.94,8.94,8.94,8.94,0.24,0.24,,,
           ,BG-1.....25 - NXE,BG-1.....25 - NXE-F.61            ,                ,F.61            ,PLT10*200,Q355    ,10,200,547,1,1,8.35,8.35,8.35,8.35,8.35,0.23,0.23,,,
           ,BG-1.....25 - NXE,BG-1.....25 - NXE-R.1             ,                ,R.1             ,PLT6*100,Q355    ,6,100,100,1,1,0.31,,,0.31,0.31,0.02,0.02,,,
           ,BG-1.....25 - NXE,BG-1.....25 - NXE-W.40            ,                ,W.40            ,PLT6*280,Q355    ,6,280,581,1,1,7.4,7.4,7.4,7.4,7.4,0.32,0.32,2324,,
47,BG-1.....25 - NXE,BG-1.....25 - NXE-SC1.22          ,COT             ,SC1.22          ,H200X200X8X12,Q355    ,,          ,9740,       ,4,             ,627.69,2510.76,584.78,2980.08,10.09,76.16,,80944,
           ,BG-1.....25 - NXE,BG-1.....25 - NXE-BP.1            ,                ,BP.1            ,PLT16*240,Q355    ,16,240,240,1,4,7.23,,,7.23,28.92,0.13,0.52,,4992,
           ,BG-1.....25 - NXE,BG-1.....25 - NXE-EP.1            ,                ,EP.1            ,PLT16*240,Q355    ,16,240,320,1,4,9.65,,,9.65,38.6,0.17,0.69,,5632,
           ,BG-1.....25 - NXE,BG-1.....25 - NXE-F.41            ,                ,F.41            ,PLT12*200,Q355    ,12,200,9708,2,8,182.91,365.82,1463.28,365.82,1463.28,4.12,32.97,,,
           ,BG-1.....25 - NXE,BG-1.....25 - NXE-GP.3            ,                ,GP.3            ,PLT6*186,Q355    ,6,186,188,2,8,1.48,,,2.96,11.84,0.07,0.54,,7769.6,
           ,BG-1.....25 - NXE,BG-1.....25 - NXE-R.1             ,                ,R.1             ,PLT6*100,Q355    ,6,100,100,1,4,0.31,,,0.31,1.24,0.02,0.06,,,
           ,BG-1.....25 - NXE,BG-1.....25 - NXE-S.7             ,                ,S.7             ,PLT6*96,Q355    ,6,96,176,4,16,0.75,,,3,12,0.03,0.56,,10547.2,
           ,BG-1.....25 - NXE,BG-1.....25 - NXE-S.11            ,                ,S.11            ,PLT10*96,Q355    ,10,96,176,4,16,1.22,,,4.88,19.52,0.04,0.58,,10547.2,
           ,BG-1.....25 - NXE,BG-1.....25 - NXE-W.22            ,                ,W.22            ,PLT8*176,Q355    ,8,176,9708,1,4,107.31,107.31,429.24,107.31,429.24,3.58,14.3,155328,,
           ,BG-1.....25 - NXE,BG-1.....25 - NXE-BK.7            ,                ,BK.7            ,H300*200*6*10,Q355    ,,          ,596,4,16,,,,,,,,,,
           ,BG-1.....25 - NXE,BG-1.....25 - NXE-CP.2            ,                ,CP.2            ,PLT16*240,Q355    ,16,240,420,1,16,12.66,,,12.66,202.56,0.22,3.56,,25728,
           ,BG-1.....25 - NXE,BG-1.....25 - NXE-F.49            ,                ,F.49            ,PLT10*200,Q355    ,10,200,580,2,32,8.88,17.76,284.16,17.76,284.16,0.24,7.73,,,
           ,BG-1.....25 - NXE,BG-1.....25 - NXE-R.1             ,                ,R.1             ,PLT6*100,Q355    ,6,100,100,1,16,0.31,,,0.31,4.96,0.02,0.24,,,
           ,BG-1.....25 - NXE,BG-1.....25 - NXE-W.29            ,                ,W.29            ,PLT6*280,Q355    ,6,280,580,1,16,7.58,7.58,121.28,7.58,121.28,0.33,5.32,37120,,
           ,BG-1.....25 - NXE,BG-1.....25 - NXE-BK.14           ,                ,BK.14           ,H400*200*8*10,Q355    ,,          ,500,2,8,,,,,,,,,,
           ,BG-1.....25 - NXE,BG-1.....25 - NXE-CP.8            ,                ,CP.8            ,PLT16*240,Q355    ,16,240,599,1,8,18.09,,,18.09,144.72,0.31,2.52,,15728,
           ,BG-1.....25 - NXE,BG-1.....25 - NXE-F.67            ,                ,F.67            ,PLT10*200,Q355    ,10,200,483,1,8,7.6,7.6,60.8,7.6,60.8,0.21,1.66,,,
           ,BG-1.....25 - NXE,BG-1.....25 - NXE-F.69            ,                ,F.69            ,PLT10*200,Q355    ,10,200,481,1,8,7.56,7.56,60.48,7.56,60.48,0.21,1.65,,,
           ,BG-1.....25 - NXE,BG-1.....25 - NXE-R.1             ,                ,R.1             ,PLT6*100,Q355    ,6,100,100,2,16,0.31,,,0.62,4.96,0.02,0.24,,,
           ,BG-1.....25 - NXE,BG-1.....25 - NXE-W.37            ,                ,W.37            ,PLT8*380,Q355    ,8,380,484,1,8,11.44,11.44,91.52,11.44,91.52,0.38,3.02,15488,,
48,BG-1.....25 - NXE,BG-1.....25 - NXE-SC1.23          ,COT             ,SC1.23          ,H200X200X8X12,Q355    ,,          ,5140,       ,1,             ,289.08,289.08,334.91,334.91,8.44,8.44,,6072,
           ,BG-1.....25 - NXE,BG-1.....25 - NXE-BP.1            ,                ,BP.1            ,PLT16*240,Q355    ,16,240,240,1,1,7.23,,,7.23,7.23,0.13,0.13,,1248,
           ,BG-1.....25 - NXE,BG-1.....25 - NXE-CP.2            ,                ,CP.2            ,PLT16*240,Q355    ,16,240,420,1,1,12.66,,,12.66,12.66,0.22,0.22,,1608,
           ,BG-1.....25 - NXE,BG-1.....25 - NXE-F.35            ,                ,F.35            ,PLT12*200,Q355    ,12,200,5044,1,1,95.04,95.04,95.04,95.04,95.04,2.14,2.14,,,
           ,BG-1.....25 - NXE,BG-1.....25 - NXE-F.36            ,                ,F.36            ,PLT12*200,Q355    ,12,200,4624,1,1,87.13,87.13,87.13,87.13,87.13,1.97,1.97,,,
           ,BG-1.....25 - NXE,BG-1.....25 - NXE-W.19            ,                ,W.19            ,PLT8*176,Q355    ,8,176,5044,1,1,55.76,55.76,55.76,55.76,55.76,1.86,1.86,20176,,
           ,BG-1.....25 - NXE,BG-1.....25 - NXE-BK.4            ,                ,BK.4            ,H300*200*6*10,Q355    ,,          ,641,1,1,,,,,,,,,,
           ,BG-1.....25 - NXE,BG-1.....25 - NXE-CP.2            ,                ,CP.2            ,PLT16*240,Q355    ,16,240,420,1,1,12.66,,,12.66,12.66,0.22,0.22,,1608,
           ,BG-1.....25 - NXE,BG-1.....25 - NXE-F.62            ,                ,F.62            ,PLT10*200,Q355    ,10,200,586,1,1,8.96,8.96,8.96,8.96,8.96,0.24,0.24,,,
           ,BG-1.....25 - NXE,BG-1.....25 - NXE-F.63            ,                ,F.63            ,PLT10*200,Q355    ,10,200,625,1,1,9.57,9.57,9.57,9.57,9.57,0.26,0.26,,,
           ,BG-1.....25 - NXE,BG-1.....25 - NXE-R.1             ,                ,R.1             ,PLT6*100,Q355    ,6,100,100,1,1,0.31,,,0.31,0.31,0.02,0.02,,,
           ,BG-1.....25 - NXE,BG-1.....25 - NXE-W.41            ,                ,W.41            ,PLT6*280,Q355    ,6,280,621,1,1,7.93,7.93,7.93,7.93,7.93,0.35,0.35,2484,,
           ,BG-1.....25 - NXE,BG-1.....25 - NXE-BK.5            ,                ,BK.5            ,H300*200*6*10,Q355    ,,          ,600,1,1,,,,,,,,,,
           ,BG-1.....25 - NXE,BG-1.....25 - NXE-CP.2            ,                ,CP.2            ,PLT16*240,Q355    ,16,240,420,1,1,12.66,,,12.66,12.66,0.22,0.22,,1608,
           ,BG-1.....25 - NXE,BG-1.....25 - NXE-F.60            ,                ,F.60            ,PLT10*200,Q355    ,10,200,584,1,1,8.94,8.94,8.94,8.94,8.94,0.24,0.24,,,
           ,BG-1.....25 - NXE,BG-1.....25 - NXE-F.61            ,                ,F.61            ,PLT10*200,Q355    ,10,200,547,1,1,8.35,8.35,8.35,8.35,8.35,0.23,0.23,,,
           ,BG-1.....25 - NXE,BG-1.....25 - NXE-R.1             ,                ,R.1             ,PLT6*100,Q355    ,6,100,100,1,1,0.31,,,0.31,0.31,0.02,0.02,,,
           ,BG-1.....25 - NXE,BG-1.....25 - NXE-W.40            ,                ,W.40            ,PLT6*280,Q355    ,6,280,581,1,1,7.4,7.4,7.4,7.4,7.4,0.32,0.32,2324,,
49,BG-1.....25 - NXE,BG-1.....25 - NXE-SC1.24          ,COT             ,SC1.24          ,H200X200X8X12,Q355    ,,          ,9524,       ,1,             ,588.95,588.95,611.34,727.39,14.78,18.72,,22320.8,
           ,BG-1.....25 - NXE,BG-1.....25 - NXE-BP.1            ,                ,BP.1            ,PLT16*240,Q355    ,16,240,240,1,1,7.23,,,7.23,7.23,0.13,0.13,,1248,
           ,BG-1.....25 - NXE,BG-1.....25 - NXE-CP.1            ,                ,CP.1            ,PLT16*240,Q355    ,16,240,420,1,1,12.66,,,12.66,12.66,0.22,0.22,,1608,
           ,BG-1.....25 - NXE,BG-1.....25 - NXE-CP.2            ,                ,CP.2            ,PLT16*240,Q355    ,16,240,420,1,1,12.66,,,12.66,12.66,0.22,0.22,,1608,
           ,BG-1.....25 - NXE,BG-1.....25 - NXE-CP.3            ,                ,CP.3            ,PLT16*240,Q355    ,16,240,240,1,1,7.23,,,7.23,7.23,0.13,0.13,,1248,
           ,BG-1.....25 - NXE,BG-1.....25 - NXE-F.37            ,                ,F.37            ,PLT12*200,Q355    ,12,200,9489,1,1,162.95,162.95,162.95,162.95,162.95,3.68,3.68,,,
           ,BG-1.....25 - NXE,BG-1.....25 - NXE-F.38            ,                ,F.38            ,PLT12*200,Q355    ,12,200,9470,1,1,178.42,178.42,178.42,178.42,178.42,4.02,4.02,,,
           ,BG-1.....25 - NXE,BG-1.....25 - NXE-GP.3            ,                ,GP.3            ,PLT6*186,Q355    ,6,186,188,1,1,1.48,,,1.48,1.48,0.07,0.07,,971.2,
           ,BG-1.....25 - NXE,BG-1.....25 - NXE-S.7             ,                ,S.7             ,PLT6*96,Q355    ,6,96,176,4,4,0.75,,,3,3,0.03,0.14,,2636.8,
           ,BG-1.....25 - NXE,BG-1.....25 - NXE-S.11            ,                ,S.11            ,PLT10*96,Q355    ,10,96,176,4,4,1.22,,,4.88,4.88,0.04,0.14,,2636.8,
           ,BG-1.....25 - NXE,BG-1.....25 - NXE-W.20            ,                ,W.20            ,PLT8*176,Q355    ,8,176,9489,1,1,104.78,104.78,104.78,104.78,104.78,3.49,3.49,37956,,
           ,BG-1.....25 - NXE,BG-1.....25 - NXE-BK.2            ,                ,BK.2            ,H400*200*6*8,Q355    ,,          ,500,2,2,,,,,,,,,,
           ,BG-1.....25 - NXE,BG-1.....25 - NXE-CP.8            ,                ,CP.8            ,PLT16*240,Q355    ,16,240,599,1,2,18.09,,,18.09,36.18,0.31,0.63,,3932,
           ,BG-1.....25 - NXE,BG-1.....25 - NXE-F.56            ,                ,F.56            ,PLT8*200,Q355    ,8,200,484,1,2,6.08,6.08,12.16,6.08,12.16,0.2,0.41,,,
           ,BG-1.....25 - NXE,BG-1.....25 - NXE-F.66            ,                ,F.66            ,PLT8*200,Q355    ,8,200,481,1,2,6.05,6.05,12.1,6.05,12.1,0.2,0.41,,,
           ,BG-1.....25 - NXE,BG-1.....25 - NXE-R.1             ,                ,R.1             ,PLT6*100,Q355    ,6,100,100,2,4,0.31,,,0.62,1.24,0.02,0.06,,,
           ,BG-1.....25 - NXE,BG-1.....25 - NXE-W.27            ,                ,W.27            ,PLT6*384,Q355    ,6,384,484,1,2,8.67,8.67,17.34,8.67,17.34,0.38,0.76,3872,,
           ,BG-1.....25 - NXE,BG-1.....25 - NXE-BK.6            ,                ,BK.6            ,H300*200*6*10,Q355    ,,          ,596,2,2,,,,,,,,,,
           ,BG-1.....25 - NXE,BG-1.....25 - NXE-CP.2            ,                ,CP.2            ,PLT16*240,Q355    ,16,240,420,1,2,12.66,,,12.66,25.32,0.22,0.45,,3216,
           ,BG-1.....25 - NXE,BG-1.....25 - NXE-F.54            ,                ,F.54            ,PLT10*200,Q355    ,10,200,580,2,4,8.86,17.72,35.44,17.72,35.44,0.24,0.96,,,
           ,BG-1.....25 - NXE,BG-1.....25 - NXE-R.1             ,                ,R.1             ,PLT6*100,Q355    ,6,100,100,1,2,0.31,,,0.31,0.62,0.02,0.03,,,
           ,BG-1.....25 - NXE,BG-1.....25 - NXE-W.29            ,                ,W.29            ,PLT6*280,Q355    ,6,280,580,1,2,7.58,7.58,15.16,7.58,15.16,0.33,0.66,4640,,
           ,BG-1.....25 - NXE,BG-1.....25 - NXE-BK.9            ,                ,BK.9            ,H300*200*6*10,Q355    ,,          ,596,2,2,,,,,,,,,,
           ,BG-1.....25 - NXE,BG-1.....25 - NXE-CP.2            ,                ,CP.2            ,PLT16*240,Q355    ,16,240,420,1,2,12.66,,,12.66,25.32,0.22,0.45,,3216,
           ,BG-1.....25 - NXE,BG-1.....25 - NXE-F.54            ,                ,F.54            ,PLT10*200,Q355    ,10,200,580,2,4,8.86,17.72,35.44,17.72,35.44,0.24,0.96,,,
           ,BG-1.....25 - NXE,BG-1.....25 - NXE-R.1             ,                ,R.1             ,PLT6*100,Q355    ,6,100,100,1,2,0.31,,,0.31,0.62,0.02,0.03,,,
           ,BG-1.....25 - NXE,BG-1.....25 - NXE-W.29            ,                ,W.29            ,PLT6*280,Q355    ,6,280,580,1,2,7.58,7.58,15.16,7.58,15.16,0.33,0.66,4640,,
50,BG-1.....25 - NXE,BG-1.....25 - NXE-SC1.25          ,COT             ,SC1.25          ,H200X200X8X12,Q355    ,,          ,8502,       ,1,             ,505.28,505.28,519.71,597.63,9.1,15.43,,17367.2,
           ,BG-1.....25 - NXE,BG-1.....25 - NXE-BP.1            ,                ,BP.1            ,PLT16*240,Q355    ,16,240,240,1,1,7.23,,,7.23,7.23,0.13,0.13,,1248,
           ,BG-1.....25 - NXE,BG-1.....25 - NXE-EP.1            ,                ,EP.1            ,PLT16*240,Q355    ,16,240,320,1,1,9.65,,,9.65,9.65,0.17,0.17,,1408,
           ,BG-1.....25 - NXE,BG-1.....25 - NXE-F.1             ,                ,F.1             ,PLT12*200,Q355    ,12,200,8470,2,2,159.59,319.18,319.18,319.18,319.18,3.6,7.19,,,
           ,BG-1.....25 - NXE,BG-1.....25 - NXE-GP.3            ,                ,GP.3            ,PLT6*186,Q355    ,6,186,188,1,1,1.48,,,1.48,1.48,0.07,0.07,,971.2,
           ,BG-1.....25 - NXE,BG-1.....25 - NXE-R.1             ,                ,R.1             ,PLT6*100,Q355    ,6,100,100,1,1,0.31,,,0.31,0.31,0.02,0.02,,,
           ,BG-1.....25 - NXE,BG-1.....25 - NXE-S.7             ,                ,S.7             ,PLT6*96,Q355    ,6,96,176,4,4,0.75,,,3,3,0.03,0.14,,2636.8,
           ,BG-1.....25 - NXE,BG-1.....25 - NXE-S.11            ,                ,S.11            ,PLT10*96,Q355    ,10,96,176,6,6,1.22,,,7.32,7.32,0.04,0.22,,3955.2,
           ,BG-1.....25 - NXE,BG-1.....25 - NXE-W.1             ,                ,W.1             ,PLT8*176,Q355    ,8,176,8470,1,1,93.62,93.62,93.62,93.62,93.62,3.12,3.12,33880,,
           ,BG-1.....25 - NXE,BG-1.....25 - NXE-BK.1            ,                ,BK.1            ,H400*200*6*8,Q355    ,,          ,502,2,2,,,,,,,,,,
           ,BG-1.....25 - NXE,BG-1.....25 - NXE-CP.8            ,                ,CP.8            ,PLT16*240,Q355    ,16,240,599,1,2,18.09,,,18.09,36.18,0.31,0.63,,3932,
           ,BG-1.....25 - NXE,BG-1.....25 - NXE-F.56            ,                ,F.56            ,PLT8*200,Q355    ,8,200,484,1,2,6.08,6.08,12.16,6.08,12.16,0.2,0.41,,,
           ,BG-1.....25 - NXE,BG-1.....25 - NXE-F.57            ,                ,F.57            ,PLT8*200,Q355    ,8,200,486,1,2,6.11,6.11,12.22,6.11,12.22,0.21,0.41,,,
           ,BG-1.....25 - NXE,BG-1.....25 - NXE-R.1             ,                ,R.1             ,PLT6*100,Q355    ,6,100,100,2,4,0.31,,,0.62,1.24,0.02,0.06,,,
           ,BG-1.....25 - NXE,BG-1.....25 - NXE-W.25            ,                ,W.25            ,PLT6*384,Q355    ,6,384,486,1,2,8.71,8.71,17.42,8.71,17.42,0.38,0.76,3888,,
           ,BG-1.....25 - NXE,BG-1.....25 - NXE-BK.7            ,                ,BK.7            ,H300*200*6*10,Q355    ,,          ,596,2,2,,,,,,,,,,
           ,BG-1.....25 - NXE,BG-1.....25 - NXE-CP.2            ,                ,CP.2            ,PLT16*240,Q355    ,16,240,420,1,2,12.66,,,12.66,25.32,0.22,0.45,,3216,
           ,BG-1.....25 - NXE,BG-1.....25 - NXE-F.49            ,                ,F.49            ,PLT10*200,Q355    ,10,200,580,2,4,8.88,17.76,35.52,17.76,35.52,0.24,0.97,,,
           ,BG-1.....25 - NXE,BG-1.....25 - NXE-R.1             ,                ,R.1             ,PLT6*100,Q355    ,6,100,100,1,2,0.31,,,0.31,0.62,0.02,0.03,,,
           ,BG-1.....25 - NXE,BG-1.....25 - NXE-W.29            ,                ,W.29            ,PLT6*280,Q355    ,6,280,580,1,2,7.58,7.58,15.16,7.58,15.16,0.33,0.66,4640,,
51,BG-1.....25 - NXE,BG-1.....25 - NXE-SC1.26          ,COT             ,SC1.26          ,H200X200X8X12,Q355    ,,          ,9134,       ,2,             ,650.97,1301.94,597.32,1605.98,14.52,41.03,,48016,
           ,BG-1.....25 - NXE,BG-1.....25 - NXE-BP.1            ,                ,BP.1            ,PLT16*240,Q355    ,16,240,240,1,2,7.23,,,7.23,14.46,0.13,0.26,,2496,
           ,BG-1.....25 - NXE,BG-1.....25 - NXE-CP.3            ,                ,CP.3            ,PLT16*240,Q355    ,16,240,240,1,2,7.23,,,7.23,14.46,0.13,0.26,,2496,
           ,BG-1.....25 - NXE,BG-1.....25 - NXE-F.2             ,                ,F.2             ,PLT12*200,Q355    ,12,200,9099,1,2,171.43,171.43,342.86,171.43,342.86,3.86,7.73,,,
           ,BG-1.....25 - NXE,BG-1.....25 - NXE-F.3             ,                ,F.3             ,PLT12*200,Q355    ,12,200,9080,1,2,171.07,171.07,342.14,171.07,342.14,3.85,7.71,,,
           ,BG-1.....25 - NXE,BG-1.....25 - NXE-GP.3            ,                ,GP.3            ,PLT6*186,Q355    ,6,186,188,2,4,1.48,,,2.96,5.92,0.07,0.27,,3884.8,
           ,BG-1.....25 - NXE,BG-1.....25 - NXE-S.7             ,                ,S.7             ,PLT6*96,Q355    ,6,96,176,4,8,0.75,,,3,6,0.03,0.28,,5273.6,
           ,BG-1.....25 - NXE,BG-1.....25 - NXE-S.11            ,                ,S.11            ,PLT10*96,Q355    ,10,96,176,4,8,1.22,,,4.88,9.76,0.04,0.29,,5273.6,
           ,BG-1.....25 - NXE,BG-1.....25 - NXE-W.2             ,                ,W.2             ,PLT8*176,Q355    ,8,176,9099,1,2,100.47,100.47,200.94,100.47,200.94,3.35,6.7,72792,,
           ,BG-1.....25 - NXE,BG-1.....25 - NXE-BK.7            ,                ,BK.7            ,H300*200*6*10,Q355    ,,          ,596,4,8,,,,,,,,,,
           ,BG-1.....25 - NXE,BG-1.....25 - NXE-CP.2            ,                ,CP.2            ,PLT16*240,Q355    ,16,240,420,1,8,12.66,,,12.66,101.28,0.22,1.78,,12864,
           ,BG-1.....25 - NXE,BG-1.....25 - NXE-F.49            ,                ,F.49            ,PLT10*200,Q355    ,10,200,580,2,16,8.88,17.76,142.08,17.76,142.08,0.24,3.86,,,
           ,BG-1.....25 - NXE,BG-1.....25 - NXE-R.1             ,                ,R.1             ,PLT6*100,Q355    ,6,100,100,1,8,0.31,,,0.31,2.48,0.02,0.12,,,
           ,BG-1.....25 - NXE,BG-1.....25 - NXE-W.29            ,                ,W.29            ,PLT6*280,Q355    ,6,280,580,1,8,7.58,7.58,60.64,7.58,60.64,0.33,2.66,18560,,
           ,BG-1.....25 - NXE,BG-1.....25 - NXE-BK.14           ,                ,BK.14           ,H400*200*8*10,Q355    ,,          ,500,2,4,,,,,,,,,,
           ,BG-1.....25 - NXE,BG-1.....25 - NXE-CP.8            ,                ,CP.8            ,PLT16*240,Q355    ,16,240,599,1,4,18.09,,,18.09,72.36,0.31,1.26,,7864,
           ,BG-1.....25 - NXE,BG-1.....25 - NXE-F.67            ,                ,F.67            ,PLT10*200,Q355    ,10,200,483,1,4,7.6,7.6,30.4,7.6,30.4,0.21,0.83,,,
           ,BG-1.....25 - NXE,BG-1.....25 - NXE-F.69            ,                ,F.69            ,PLT10*200,Q355    ,10,200,481,1,4,7.56,7.56,30.24,7.56,30.24,0.21,0.83,,,
           ,BG-1.....25 - NXE,BG-1.....25 - NXE-R.1             ,                ,R.1             ,PLT6*100,Q355    ,6,100,100,2,8,0.31,,,0.62,2.48,0.02,0.12,,,
           ,BG-1.....25 - NXE,BG-1.....25 - NXE-W.37            ,                ,W.37            ,PLT8*380,Q355    ,8,380,484,1,4,11.44,11.44,45.76,11.44,45.76,0.38,1.51,7744,,
           ,BG-1.....25 - NXE,BG-1.....25 - NXE-BK.15           ,                ,BK.15           ,H400*200*8*10,Q355    ,,          ,502,2,4,,,,,,,,,,
           ,BG-1.....25 - NXE,BG-1.....25 - NXE-CP.8            ,                ,CP.8            ,PLT16*240,Q355    ,16,240,599,1,4,18.09,,,18.09,72.36,0.31,1.26,,7864,
           ,BG-1.....25 - NXE,BG-1.....25 - NXE-F.67            ,                ,F.67            ,PLT10*200,Q355    ,10,200,483,1,4,7.6,7.6,30.4,7.6,30.4,0.21,0.83,,,
           ,BG-1.....25 - NXE,BG-1.....25 - NXE-F.68            ,                ,F.68            ,PLT10*200,Q355    ,10,200,486,1,4,7.63,7.63,30.52,7.63,30.52,0.21,0.83,,,
           ,BG-1.....25 - NXE,BG-1.....25 - NXE-R.1             ,                ,R.1             ,PLT6*100,Q355    ,6,100,100,2,8,0.31,,,0.62,2.48,0.02,0.12,,,
           ,BG-1.....25 - NXE,BG-1.....25 - NXE-W.48            ,                ,W.48            ,PLT8*380,Q355    ,8,380,486,1,4,11.49,11.49,45.96,11.49,45.96,0.38,1.52,7776,,
52,BG-1.....25 - NXE,BG-1.....25 - NXE-SC1.27          ,COT             ,SC1.27          ,H200X200X8X12,Q355    ,,          ,5140,       ,1,             ,289.08,289.08,334.91,334.91,8.44,8.44,,6072,
           ,BG-1.....25 - NXE,BG-1.....25 - NXE-BP.1            ,                ,BP.1            ,PLT16*240,Q355    ,16,240,240,1,1,7.23,,,7.23,7.23,0.13,0.13,,1248,
           ,BG-1.....25 - NXE,BG-1.....25 - NXE-CP.2            ,                ,CP.2            ,PLT16*240,Q355    ,16,240,420,1,1,12.66,,,12.66,12.66,0.22,0.22,,1608,
           ,BG-1.....25 - NXE,BG-1.....25 - NXE-F.35            ,                ,F.35            ,PLT12*200,Q355    ,12,200,5044,1,1,95.04,95.04,95.04,95.04,95.04,2.14,2.14,,,
           ,BG-1.....25 - NXE,BG-1.....25 - NXE-F.36            ,                ,F.36            ,PLT12*200,Q355    ,12,200,4624,1,1,87.13,87.13,87.13,87.13,87.13,1.97,1.97,,,
           ,BG-1.....25 - NXE,BG-1.....25 - NXE-W.19            ,                ,W.19            ,PLT8*176,Q355    ,8,176,5044,1,1,55.76,55.76,55.76,55.76,55.76,1.86,1.86,20176,,
           ,BG-1.....25 - NXE,BG-1.....25 - NXE-BK.12           ,                ,BK.12           ,H300*200*6*10,Q355    ,,          ,600,1,1,,,,,,,,,,
           ,BG-1.....25 - NXE,BG-1.....25 - NXE-CP.2            ,                ,CP.2            ,PLT16*240,Q355    ,16,240,420,1,1,12.66,,,12.66,12.66,0.22,0.22,,1608,
           ,BG-1.....25 - NXE,BG-1.....25 - NXE-F.60            ,                ,F.60            ,PLT10*200,Q355    ,10,200,584,1,1,8.94,8.94,8.94,8.94,8.94,0.24,0.24,,,
           ,BG-1.....25 - NXE,BG-1.....25 - NXE-F.61            ,                ,F.61            ,PLT10*200,Q355    ,10,200,547,1,1,8.35,8.35,8.35,8.35,8.35,0.23,0.23,,,
           ,BG-1.....25 - NXE,BG-1.....25 - NXE-R.1             ,                ,R.1             ,PLT6*100,Q355    ,6,100,100,1,1,0.31,,,0.31,0.31,0.02,0.02,,,
           ,BG-1.....25 - NXE,BG-1.....25 - NXE-W.40            ,                ,W.40            ,PLT6*280,Q355    ,6,280,581,1,1,7.4,7.4,7.4,7.4,7.4,0.32,0.32,2324,,
           ,BG-1.....25 - NXE,BG-1.....25 - NXE-BK.13           ,                ,BK.13           ,H300*200*6*10,Q355    ,,          ,641,1,1,,,,,,,,,,
           ,BG-1.....25 - NXE,BG-1.....25 - NXE-CP.2            ,                ,CP.2            ,PLT16*240,Q355    ,16,240,420,1,1,12.66,,,12.66,12.66,0.22,0.22,,1608,
           ,BG-1.....25 - NXE,BG-1.....25 - NXE-F.62            ,                ,F.62            ,PLT10*200,Q355    ,10,200,586,1,1,8.96,8.96,8.96,8.96,8.96,0.24,0.24,,,
           ,BG-1.....25 - NXE,BG-1.....25 - NXE-F.63            ,                ,F.63            ,PLT10*200,Q355    ,10,200,625,1,1,9.57,9.57,9.57,9.57,9.57,0.26,0.26,,,
           ,BG-1.....25 - NXE,BG-1.....25 - NXE-R.1             ,                ,R.1             ,PLT6*100,Q355    ,6,100,100,1,1,0.31,,,0.31,0.31,0.02,0.02,,,
           ,BG-1.....25 - NXE,BG-1.....25 - NXE-W.41            ,                ,W.41            ,PLT6*280,Q355    ,6,280,621,1,1,7.93,7.93,7.93,7.93,7.93,0.35,0.35,2484,,
53,BG-1.....25 - NXE,BG-1.....25 - NXE-SC1.28          ,COT             ,SC1.28          ,H200X200X8X12,Q355    ,,          ,4390,       ,1,             ,252.53,252.53,298.36,298.36,7.53,7.53,,6072,
           ,BG-1.....25 - NXE,BG-1.....25 - NXE-BP.1            ,                ,BP.1            ,PLT16*240,Q355    ,16,240,240,1,1,7.23,,,7.23,7.23,0.13,0.13,,1248,
           ,BG-1.....25 - NXE,BG-1.....25 - NXE-CP.2            ,                ,CP.2            ,PLT16*240,Q355    ,16,240,420,1,1,12.66,,,12.66,12.66,0.22,0.22,,1608,
           ,BG-1.....25 - NXE,BG-1.....25 - NXE-F.33            ,                ,F.33            ,PLT12*200,Q355    ,12,200,4294,1,1,80.91,80.91,80.91,80.91,80.91,1.83,1.83,,,
           ,BG-1.....25 - NXE,BG-1.....25 - NXE-F.34            ,                ,F.34            ,PLT12*200,Q355    ,12,200,3874,1,1,73,73,73,73,73,1.65,1.65,,,
           ,BG-1.....25 - NXE,BG-1.....25 - NXE-W.18            ,                ,W.18            ,PLT8*176,Q355    ,8,176,4294,1,1,47.47,47.47,47.47,47.47,47.47,1.58,1.58,17176,,
           ,BG-1.....25 - NXE,BG-1.....25 - NXE-BK.12           ,                ,BK.12           ,H300*200*6*10,Q355    ,,          ,600,1,1,,,,,,,,,,
           ,BG-1.....25 - NXE,BG-1.....25 - NXE-CP.2            ,                ,CP.2            ,PLT16*240,Q355    ,16,240,420,1,1,12.66,,,12.66,12.66,0.22,0.22,,1608,
           ,BG-1.....25 - NXE,BG-1.....25 - NXE-F.60            ,                ,F.60            ,PLT10*200,Q355    ,10,200,584,1,1,8.94,8.94,8.94,8.94,8.94,0.24,0.24,,,
           ,BG-1.....25 - NXE,BG-1.....25 - NXE-F.61            ,                ,F.61            ,PLT10*200,Q355    ,10,200,547,1,1,8.35,8.35,8.35,8.35,8.35,0.23,0.23,,,
           ,BG-1.....25 - NXE,BG-1.....25 - NXE-R.1             ,                ,R.1             ,PLT6*100,Q355    ,6,100,100,1,1,0.31,,,0.31,0.31,0.02,0.02,,,
           ,BG-1.....25 - NXE,BG-1.....25 - NXE-W.40            ,                ,W.40            ,PLT6*280,Q355    ,6,280,581,1,1,7.4,7.4,7.4,7.4,7.4,0.32,0.32,2324,,
           ,BG-1.....25 - NXE,BG-1.....25 - NXE-BK.13           ,                ,BK.13           ,H300*200*6*10,Q355    ,,          ,641,1,1,,,,,,,,,,
           ,BG-1.....25 - NXE,BG-1.....25 - NXE-CP.2            ,                ,CP.2            ,PLT16*240,Q355    ,16,240,420,1,1,12.66,,,12.66,12.66,0.22,0.22,,1608,
           ,BG-1.....25 - NXE,BG-1.....25 - NXE-F.62            ,                ,F.62            ,PLT10*200,Q355    ,10,200,586,1,1,8.96,8.96,8.96,8.96,8.96,0.24,0.24,,,
           ,BG-1.....25 - NXE,BG-1.....25 - NXE-F.63            ,                ,F.63            ,PLT10*200,Q355    ,10,200,625,1,1,9.57,9.57,9.57,9.57,9.57,0.26,0.26,,,
           ,BG-1.....25 - NXE,BG-1.....25 - NXE-R.1             ,                ,R.1             ,PLT6*100,Q355    ,6,100,100,1,1,0.31,,,0.31,0.31,0.02,0.02,,,
           ,BG-1.....25 - NXE,BG-1.....25 - NXE-W.41            ,                ,W.41            ,PLT6*280,Q355    ,6,280,621,1,1,7.93,7.93,7.93,7.93,7.93,0.35,0.35,2484,,
54,BG-1.....25 - NXE,BG-1.....25 - NXE-SC1.29          ,COT             ,SC1.29          ,H200X200X8X12,Q355    ,,          ,9134,       ,2,             ,639.37,1278.74,591.52,1582.78,14.52,41.01,,48016,
           ,BG-1.....25 - NXE,BG-1.....25 - NXE-BP.1            ,                ,BP.1            ,PLT16*240,Q355    ,16,240,240,1,2,7.23,,,7.23,14.46,0.13,0.26,,2496,
           ,BG-1.....25 - NXE,BG-1.....25 - NXE-CP.3            ,                ,CP.3            ,PLT16*240,Q355    ,16,240,240,1,2,7.23,,,7.23,14.46,0.13,0.26,,2496,
           ,BG-1.....25 - NXE,BG-1.....25 - NXE-F.2             ,                ,F.2             ,PLT12*200,Q355    ,12,200,9099,1,2,171.43,171.43,342.86,171.43,342.86,3.86,7.73,,,
           ,BG-1.....25 - NXE,BG-1.....25 - NXE-F.3             ,                ,F.3             ,PLT12*200,Q355    ,12,200,9080,1,2,171.07,171.07,342.14,171.07,342.14,3.85,7.71,,,
           ,BG-1.....25 - NXE,BG-1.....25 - NXE-GP.3            ,                ,GP.3            ,PLT6*186,Q355    ,6,186,188,2,4,1.48,,,2.96,5.92,0.07,0.27,,3884.8,
           ,BG-1.....25 - NXE,BG-1.....25 - NXE-S.7             ,                ,S.7             ,PLT6*96,Q355    ,6,96,176,4,8,0.75,,,3,6,0.03,0.28,,5273.6,
           ,BG-1.....25 - NXE,BG-1.....25 - NXE-S.11            ,                ,S.11            ,PLT10*96,Q355    ,10,96,176,4,8,1.22,,,4.88,9.76,0.04,0.29,,5273.6,
           ,BG-1.....25 - NXE,BG-1.....25 - NXE-W.2             ,                ,W.2             ,PLT8*176,Q355    ,8,176,9099,1,2,100.47,100.47,200.94,100.47,200.94,3.35,6.7,72792,,
           ,BG-1.....25 - NXE,BG-1.....25 - NXE-BK.2            ,                ,BK.2            ,H400*200*6*8,Q355    ,,          ,500,2,4,,,,,,,,,,
           ,BG-1.....25 - NXE,BG-1.....25 - NXE-CP.8            ,                ,CP.8            ,PLT16*240,Q355    ,16,240,599,1,4,18.09,,,18.09,72.36,0.31,1.26,,7864,
           ,BG-1.....25 - NXE,BG-1.....25 - NXE-F.56            ,                ,F.56            ,PLT8*200,Q355    ,8,200,484,1,4,6.08,6.08,24.32,6.08,24.32,0.2,0.82,,,
           ,BG-1.....25 - NXE,BG-1.....25 - NXE-F.66            ,                ,F.66            ,PLT8*200,Q355    ,8,200,481,1,4,6.05,6.05,24.2,6.05,24.2,0.2,0.81,,,
           ,BG-1.....25 - NXE,BG-1.....25 - NXE-R.1             ,                ,R.1             ,PLT6*100,Q355    ,6,100,100,2,8,0.31,,,0.62,2.48,0.02,0.12,,,
           ,BG-1.....25 - NXE,BG-1.....25 - NXE-W.27            ,                ,W.27            ,PLT6*384,Q355    ,6,384,484,1,4,8.67,8.67,34.68,8.67,34.68,0.38,1.51,7744,,
           ,BG-1.....25 - NXE,BG-1.....25 - NXE-BK.7            ,                ,BK.7            ,H300*200*6*10,Q355    ,,          ,596,4,8,,,,,,,,,,
           ,BG-1.....25 - NXE,BG-1.....25 - NXE-CP.2            ,                ,CP.2            ,PLT16*240,Q355    ,16,240,420,1,8,12.66,,,12.66,101.28,0.22,1.78,,12864,
           ,BG-1.....25 - NXE,BG-1.....25 - NXE-F.49            ,                ,F.49            ,PLT10*200,Q355    ,10,200,580,2,16,8.88,17.76,142.08,17.76,142.08,0.24,3.86,,,
           ,BG-1.....25 - NXE,BG-1.....25 - NXE-R.1             ,                ,R.1             ,PLT6*100,Q355    ,6,100,100,1,8,0.31,,,0.31,2.48,0.02,0.12,,,
           ,BG-1.....25 - NXE,BG-1.....25 - NXE-W.29            ,                ,W.29            ,PLT6*280,Q355    ,6,280,580,1,8,7.58,7.58,60.64,7.58,60.64,0.33,2.66,18560,,
           ,BG-1.....25 - NXE,BG-1.....25 - NXE-BK.15           ,                ,BK.15           ,H400*200*8*10,Q355    ,,          ,502,2,4,,,,,,,,,,
           ,BG-1.....25 - NXE,BG-1.....25 - NXE-CP.8            ,                ,CP.8            ,PLT16*240,Q355    ,16,240,599,1,4,18.09,,,18.09,72.36,0.31,1.26,,7864,
           ,BG-1.....25 - NXE,BG-1.....25 - NXE-F.67            ,                ,F.67            ,PLT10*200,Q355    ,10,200,483,1,4,7.6,7.6,30.4,7.6,30.4,0.21,0.83,,,
           ,BG-1.....25 - NXE,BG-1.....25 - NXE-F.68            ,                ,F.68            ,PLT10*200,Q355    ,10,200,486,1,4,7.63,7.63,30.52,7.63,30.52,0.21,0.83,,,
           ,BG-1.....25 - NXE,BG-1.....25 - NXE-R.1             ,                ,R.1             ,PLT6*100,Q355    ,6,100,100,2,8,0.31,,,0.62,2.48,0.02,0.12,,,
           ,BG-1.....25 - NXE,BG-1.....25 - NXE-W.48            ,                ,W.48            ,PLT8*380,Q355    ,8,380,486,1,4,11.49,11.49,45.96,11.49,45.96,0.38,1.52,7776,,
55,BG-1.....25 - NXE,BG-1.....25 - NXE-SC1.30          ,COT             ,SC1.30          ,H200X200X8X12,Q355    ,,          ,3640,       ,1,             ,215.98,215.98,261.81,261.81,6.62,6.62,,6072,
           ,BG-1.....25 - NXE,BG-1.....25 - NXE-BP.1            ,                ,BP.1            ,PLT16*240,Q355    ,16,240,240,1,1,7.23,,,7.23,7.23,0.13,0.13,,1248,
           ,BG-1.....25 - NXE,BG-1.....25 - NXE-CP.2            ,                ,CP.2            ,PLT16*240,Q355    ,16,240,420,1,1,12.66,,,12.66,12.66,0.22,0.22,,1608,
           ,BG-1.....25 - NXE,BG-1.....25 - NXE-F.31            ,                ,F.31            ,PLT12*200,Q355    ,12,200,3544,1,1,66.78,66.78,66.78,66.78,66.78,1.51,1.51,,,
           ,BG-1.....25 - NXE,BG-1.....25 - NXE-F.32            ,                ,F.32            ,PLT12*200,Q355    ,12,200,3124,1,1,58.87,58.87,58.87,58.87,58.87,1.33,1.33,,,
           ,BG-1.....25 - NXE,BG-1.....25 - NXE-W.17            ,                ,W.17            ,PLT8*176,Q355    ,8,176,3544,1,1,39.18,39.18,39.18,39.18,39.18,1.31,1.31,14176,,
           ,BG-1.....25 - NXE,BG-1.....25 - NXE-BK.12           ,                ,BK.12           ,H300*200*6*10,Q355    ,,          ,600,1,1,,,,,,,,,,
           ,BG-1.....25 - NXE,BG-1.....25 - NXE-CP.2            ,                ,CP.2            ,PLT16*240,Q355    ,16,240,420,1,1,12.66,,,12.66,12.66,0.22,0.22,,1608,
           ,BG-1.....25 - NXE,BG-1.....25 - NXE-F.60            ,                ,F.60            ,PLT10*200,Q355    ,10,200,584,1,1,8.94,8.94,8.94,8.94,8.94,0.24,0.24,,,
           ,BG-1.....25 - NXE,BG-1.....25 - NXE-F.61            ,                ,F.61            ,PLT10*200,Q355    ,10,200,547,1,1,8.35,8.35,8.35,8.35,8.35,0.23,0.23,,,
           ,BG-1.....25 - NXE,BG-1.....25 - NXE-R.1             ,                ,R.1             ,PLT6*100,Q355    ,6,100,100,1,1,0.31,,,0.31,0.31,0.02,0.02,,,
           ,BG-1.....25 - NXE,BG-1.....25 - NXE-W.40            ,                ,W.40            ,PLT6*280,Q355    ,6,280,581,1,1,7.4,7.4,7.4,7.4,7.4,0.32,0.32,2324,,
           ,BG-1.....25 - NXE,BG-1.....25 - NXE-BK.13           ,                ,BK.13           ,H300*200*6*10,Q355    ,,          ,641,1,1,,,,,,,,,,
           ,BG-1.....25 - NXE,BG-1.....25 - NXE-CP.2            ,                ,CP.2            ,PLT16*240,Q355    ,16,240,420,1,1,12.66,,,12.66,12.66,0.22,0.22,,1608,
           ,BG-1.....25 - NXE,BG-1.....25 - NXE-F.62            ,                ,F.62            ,PLT10*200,Q355    ,10,200,586,1,1,8.96,8.96,8.96,8.96,8.96,0.24,0.24,,,
           ,BG-1.....25 - NXE,BG-1.....25 - NXE-F.63            ,                ,F.63            ,PLT10*200,Q355    ,10,200,625,1,1,9.57,9.57,9.57,9.57,9.57,0.26,0.26,,,
           ,BG-1.....25 - NXE,BG-1.....25 - NXE-R.1             ,                ,R.1             ,PLT6*100,Q355    ,6,100,100,1,1,0.31,,,0.31,0.31,0.02,0.02,,,
           ,BG-1.....25 - NXE,BG-1.....25 - NXE-W.41            ,                ,W.41            ,PLT6*280,Q355    ,6,280,621,1,1,7.93,7.93,7.93,7.93,7.93,0.35,0.35,2484,,
56,BG-1.....25 - NXE,BG-1.....25 - NXE-SC1.31          ,COT             ,SC1.31          ,H200X200X8X12,Q355    ,,          ,9498,       ,1,             ,553.61,553.61,568.14,645.96,9.89,16.64,,17367.2,
           ,BG-1.....25 - NXE,BG-1.....25 - NXE-BP.1            ,                ,BP.1            ,PLT16*240,Q355    ,16,240,240,1,1,7.23,,,7.23,7.23,0.13,0.13,,1248,
           ,BG-1.....25 - NXE,BG-1.....25 - NXE-EP.1            ,                ,EP.1            ,PLT16*240,Q355    ,16,240,320,1,1,9.65,,,9.65,9.65,0.17,0.17,,1408,
           ,BG-1.....25 - NXE,BG-1.....25 - NXE-F.4             ,                ,F.4             ,PLT12*200,Q355    ,12,200,9466,2,2,178.35,356.7,356.7,356.7,356.7,4.02,8.04,,,
           ,BG-1.....25 - NXE,BG-1.....25 - NXE-GP.3            ,                ,GP.3            ,PLT6*186,Q355    ,6,186,188,1,1,1.48,,,1.48,1.48,0.07,0.07,,971.2,
           ,BG-1.....25 - NXE,BG-1.....25 - NXE-R.1             ,                ,R.1             ,PLT6*100,Q355    ,6,100,100,1,1,0.31,,,0.31,0.31,0.02,0.02,,,
           ,BG-1.....25 - NXE,BG-1.....25 - NXE-S.7             ,                ,S.7             ,PLT6*96,Q355    ,6,96,176,4,4,0.75,,,3,3,0.03,0.14,,2636.8,
           ,BG-1.....25 - NXE,BG-1.....25 - NXE-S.11            ,                ,S.11            ,PLT10*96,Q355    ,10,96,176,6,6,1.22,,,7.32,7.32,0.04,0.22,,3955.2,
           ,BG-1.....25 - NXE,BG-1.....25 - NXE-W.3             ,                ,W.3             ,PLT8*176,Q355    ,8,176,9466,1,1,104.63,104.63,104.63,104.63,104.63,3.49,3.49,37864,,
           ,BG-1.....25 - NXE,BG-1.....25 - NXE-BK.2            ,                ,BK.2            ,H400*200*6*8,Q355    ,,          ,500,2,2,,,,,,,,,,
           ,BG-1.....25 - NXE,BG-1.....25 - NXE-CP.8            ,                ,CP.8            ,PLT16*240,Q355    ,16,240,599,1,2,18.09,,,18.09,36.18,0.31,0.63,,3932,
           ,BG-1.....25 - NXE,BG-1.....25 - NXE-F.56            ,                ,F.56            ,PLT8*200,Q355    ,8,200,484,1,2,6.08,6.08,12.16,6.08,12.16,0.2,0.41,,,
           ,BG-1.....25 - NXE,BG-1.....25 - NXE-F.66            ,                ,F.66            ,PLT8*200,Q355    ,8,200,481,1,2,6.05,6.05,12.1,6.05,12.1,0.2,0.41,,,
           ,BG-1.....25 - NXE,BG-1.....25 - NXE-R.1             ,                ,R.1             ,PLT6*100,Q355    ,6,100,100,2,4,0.31,,,0.62,1.24,0.02,0.06,,,
           ,BG-1.....25 - NXE,BG-1.....25 - NXE-W.27            ,                ,W.27            ,PLT6*384,Q355    ,6,384,484,1,2,8.67,8.67,17.34,8.67,17.34,0.38,0.76,3872,,
           ,BG-1.....25 - NXE,BG-1.....25 - NXE-BK.7            ,                ,BK.7            ,H300*200*6*10,Q355    ,,          ,596,2,2,,,,,,,,,,
           ,BG-1.....25 - NXE,BG-1.....25 - NXE-CP.2            ,                ,CP.2            ,PLT16*240,Q355    ,16,240,420,1,2,12.66,,,12.66,25.32,0.22,0.45,,3216,
           ,BG-1.....25 - NXE,BG-1.....25 - NXE-F.49            ,                ,F.49            ,PLT10*200,Q355    ,10,200,580,2,4,8.88,17.76,35.52,17.76,35.52,0.24,0.97,,,
           ,BG-1.....25 - NXE,BG-1.....25 - NXE-R.1             ,                ,R.1             ,PLT6*100,Q355    ,6,100,100,1,2,0.31,,,0.31,0.62,0.02,0.03,,,
           ,BG-1.....25 - NXE,BG-1.....25 - NXE-W.29            ,                ,W.29            ,PLT6*280,Q355    ,6,280,580,1,2,7.58,7.58,15.16,7.58,15.16,0.33,0.66,4640,,
57,BG-1.....25 - NXE,BG-1.....25 - NXE-SC1.32          ,COT             ,SC1.32          ,H200X200X8X12,Q355    ,,          ,9740,       ,1,             ,532.59,532.59,582.66,620.93,14.22,15.65,,15622.4,
           ,BG-1.....25 - NXE,BG-1.....25 - NXE-BP.1            ,                ,BP.1            ,PLT16*240,Q355    ,16,240,240,1,1,7.23,,,7.23,7.23,0.13,0.13,,1248,
           ,BG-1.....25 - NXE,BG-1.....25 - NXE-CP.2            ,                ,CP.2            ,PLT16*240,Q355    ,16,240,420,1,1,12.66,,,12.66,12.66,0.22,0.22,,1608,
           ,BG-1.....25 - NXE,BG-1.....25 - NXE-CP.4            ,                ,CP.4            ,PLT16*240,Q355    ,16,240,420,1,1,12.66,,,12.66,12.66,0.22,0.22,,1608,
           ,BG-1.....25 - NXE,BG-1.....25 - NXE-EP.1            ,                ,EP.1            ,PLT16*240,Q355    ,16,240,320,1,1,9.65,,,9.65,9.65,0.17,0.17,,1408,
           ,BG-1.....25 - NXE,BG-1.....25 - NXE-F.41            ,                ,F.41            ,PLT12*200,Q355    ,12,200,9708,1,1,182.91,182.91,182.91,182.91,182.91,4.12,4.12,,,
           ,BG-1.....25 - NXE,BG-1.....25 - NXE-F.42            ,                ,F.42            ,PLT12*200,Q355    ,12,200,9708,1,1,167.08,167.08,167.08,167.08,167.08,3.77,3.77,,,
           ,BG-1.....25 - NXE,BG-1.....25 - NXE-GP.3            ,                ,GP.3            ,PLT6*186,Q355    ,6,186,188,1,1,1.48,,,1.48,1.48,0.07,0.07,,971.2,
           ,BG-1.....25 - NXE,BG-1.....25 - NXE-R.1             ,                ,R.1             ,PLT6*100,Q355    ,6,100,100,1,1,0.31,,,0.31,0.31,0.02,0.02,,,
           ,BG-1.....25 - NXE,BG-1.....25 - NXE-S.7             ,                ,S.7             ,PLT6*96,Q355    ,6,96,176,4,4,0.75,,,3,3,0.03,0.14,,2636.8,
           ,BG-1.....25 - NXE,BG-1.....25 - NXE-S.11            ,                ,S.11            ,PLT10*96,Q355    ,10,96,176,2,2,1.22,,,2.44,2.44,0.04,0.07,,1318.4,
           ,BG-1.....25 - NXE,BG-1.....25 - NXE-W.22            ,                ,W.22            ,PLT8*176,Q355    ,8,176,9708,1,1,107.31,107.31,107.31,107.31,107.31,3.58,3.58,38832,,
           ,BG-1.....25 - NXE,BG-1.....25 - NXE-BK.9            ,                ,BK.9            ,H300*200*6*10,Q355    ,,          ,596,2,2,,,,,,,,,,
           ,BG-1.....25 - NXE,BG-1.....25 - NXE-CP.2            ,                ,CP.2            ,PLT16*240,Q355    ,16,240,420,1,2,12.66,,,12.66,25.32,0.22,0.45,,3216,
           ,BG-1.....25 - NXE,BG-1.....25 - NXE-F.54            ,                ,F.54            ,PLT10*200,Q355    ,10,200,580,2,4,8.86,17.72,35.44,17.72,35.44,0.24,0.96,,,
           ,BG-1.....25 - NXE,BG-1.....25 - NXE-R.1             ,                ,R.1             ,PLT6*100,Q355    ,6,100,100,1,2,0.31,,,0.31,0.62,0.02,0.03,,,
           ,BG-1.....25 - NXE,BG-1.....25 - NXE-W.29            ,                ,W.29            ,PLT6*280,Q355    ,6,280,580,1,2,7.58,7.58,15.16,7.58,15.16,0.33,0.66,4640,,
           ,BG-1.....25 - NXE,BG-1.....25 - NXE-BK.12           ,                ,BK.12           ,H300*200*6*10,Q355    ,,          ,600,1,1,,,,,,,,,,
           ,BG-1.....25 - NXE,BG-1.....25 - NXE-CP.2            ,                ,CP.2            ,PLT16*240,Q355    ,16,240,420,1,1,12.66,,,12.66,12.66,0.22,0.22,,1608,
           ,BG-1.....25 - NXE,BG-1.....25 - NXE-F.60            ,                ,F.60            ,PLT10*200,Q355    ,10,200,584,1,1,8.94,8.94,8.94,8.94,8.94,0.24,0.24,,,
           ,BG-1.....25 - NXE,BG-1.....25 - NXE-F.61            ,                ,F.61            ,PLT10*200,Q355    ,10,200,547,1,1,8.35,8.35,8.35,8.35,8.35,0.23,0.23,,,
           ,BG-1.....25 - NXE,BG-1.....25 - NXE-R.1             ,                ,R.1             ,PLT6*100,Q355    ,6,100,100,1,1,0.31,,,0.31,0.31,0.02,0.02,,,
           ,BG-1.....25 - NXE,BG-1.....25 - NXE-W.40            ,                ,W.40            ,PLT6*280,Q355    ,6,280,581,1,1,7.4,7.4,7.4,7.4,7.4,0.32,0.32,2324,,
58,BG-1.....25 - NXE,BG-1.....25 - NXE-SC2.1           ,COT             ,SC2.1           ,H200X200X6X10,Q355    ,,          ,640,       ,1,             ,41.58,41.58,76.96,76.96,1.97,2.01,,5804.8,
           ,BG-1.....25 - NXE,BG-1.....25 - NXE-BP.1            ,                ,BP.1            ,PLT16*240,Q355    ,16,240,240,1,1,7.23,,,7.23,7.23,0.13,0.13,,1248,
           ,BG-1.....25 - NXE,BG-1.....25 - NXE-CP.2            ,                ,CP.2            ,PLT16*240,Q355    ,16,240,420,1,1,12.66,,,12.66,12.66,0.22,0.22,,1608,
           ,BG-1.....25 - NXE,BG-1.....25 - NXE-F.13            ,                ,F.13            ,PLT10*200,Q355    ,10,200,544,1,1,8.55,8.55,8.55,8.55,8.55,0.23,0.23,,,
           ,BG-1.....25 - NXE,BG-1.....25 - NXE-F.14            ,                ,F.14            ,PLT10*200,Q355    ,10,200,124,1,1,1.95,1.95,1.95,1.95,1.95,0.06,0.06,,,
           ,BG-1.....25 - NXE,BG-1.....25 - NXE-S.12            ,                ,S.12            ,PLT10*97,Q355    ,10,97,180,2,2,1.26,,,2.52,2.52,0.04,0.07,,1340.8,
           ,BG-1.....25 - NXE,BG-1.....25 - NXE-W.10            ,                ,W.10            ,PLT6*180,Q355    ,6,180,544,1,1,4.62,4.62,4.62,4.62,4.62,0.2,0.2,2176,,
           ,BG-1.....25 - NXE,BG-1.....25 - NXE-BK.4            ,                ,BK.4            ,H300*200*6*10,Q355    ,,          ,641,1,1,,,,,,,,,,
           ,BG-1.....25 - NXE,BG-1.....25 - NXE-CP.2            ,                ,CP.2            ,PLT16*240,Q355    ,16,240,420,1,1,12.66,,,12.66,12.66,0.22,0.22,,1608,
           ,BG-1.....25 - NXE,BG-1.....25 - NXE-F.62            ,                ,F.62            ,PLT10*200,Q355    ,10,200,586,1,1,8.96,8.96,8.96,8.96,8.96,0.24,0.24,,,
           ,BG-1.....25 - NXE,BG-1.....25 - NXE-F.63            ,                ,F.63            ,PLT10*200,Q355    ,10,200,625,1,1,9.57,9.57,9.57,9.57,9.57,0.26,0.26,,,
           ,BG-1.....25 - NXE,BG-1.....25 - NXE-R.1             ,                ,R.1             ,PLT6*100,Q355    ,6,100,100,1,1,0.31,,,0.31,0.31,0.02,0.02,,,
           ,BG-1.....25 - NXE,BG-1.....25 - NXE-W.41            ,                ,W.41            ,PLT6*280,Q355    ,6,280,621,1,1,7.93,7.93,7.93,7.93,7.93,0.35,0.35,2484,,
59,BG-1.....25 - NXE,BG-1.....25 - NXE-SC2.2           ,COT             ,SC2.2           ,H200X200X6X10,Q355    ,,          ,1390,       ,1,             ,96.17,96.17,142,142,3.88,3.88,,6072,
           ,BG-1.....25 - NXE,BG-1.....25 - NXE-BP.1            ,                ,BP.1            ,PLT16*240,Q355    ,16,240,240,1,1,7.23,,,7.23,7.23,0.13,0.13,,1248,
           ,BG-1.....25 - NXE,BG-1.....25 - NXE-CP.2            ,                ,CP.2            ,PLT16*240,Q355    ,16,240,420,1,1,12.66,,,12.66,12.66,0.22,0.22,,1608,
           ,BG-1.....25 - NXE,BG-1.....25 - NXE-F.16            ,                ,F.16            ,PLT10*200,Q355    ,10,200,1294,1,1,20.32,20.32,20.32,20.32,20.32,0.55,0.55,,,
           ,BG-1.....25 - NXE,BG-1.....25 - NXE-F.17            ,                ,F.17            ,PLT10*200,Q355    ,10,200,874,1,1,13.73,13.73,13.73,13.73,13.73,0.37,0.37,,,
           ,BG-1.....25 - NXE,BG-1.....25 - NXE-W.11            ,                ,W.11            ,PLT6*180,Q355    ,6,180,1294,1,1,10.97,10.97,10.97,10.97,10.97,0.48,0.48,5176,,
           ,BG-1.....25 - NXE,BG-1.....25 - NXE-BK.4            ,                ,BK.4            ,H300*200*6*10,Q355    ,,          ,641,1,1,,,,,,,,,,
           ,BG-1.....25 - NXE,BG-1.....25 - NXE-CP.2            ,                ,CP.2            ,PLT16*240,Q355    ,16,240,420,1,1,12.66,,,12.66,12.66,0.22,0.22,,1608,
           ,BG-1.....25 - NXE,BG-1.....25 - NXE-F.62            ,                ,F.62            ,PLT10*200,Q355    ,10,200,586,1,1,8.96,8.96,8.96,8.96,8.96,0.24,0.24,,,
           ,BG-1.....25 - NXE,BG-1.....25 - NXE-F.63            ,                ,F.63            ,PLT10*200,Q355    ,10,200,625,1,1,9.57,9.57,9.57,9.57,9.57,0.26,0.26,,,
           ,BG-1.....25 - NXE,BG-1.....25 - NXE-R.1             ,                ,R.1             ,PLT6*100,Q355    ,6,100,100,1,1,0.31,,,0.31,0.31,0.02,0.02,,,
           ,BG-1.....25 - NXE,BG-1.....25 - NXE-W.41            ,                ,W.41            ,PLT6*280,Q355    ,6,280,621,1,1,7.93,7.93,7.93,7.93,7.93,0.35,0.35,2484,,
           ,BG-1.....25 - NXE,BG-1.....25 - NXE-BK.5            ,                ,BK.5            ,H300*200*6*10,Q355    ,,          ,600,1,1,,,,,,,,,,
           ,BG-1.....25 - NXE,BG-1.....25 - NXE-CP.2            ,                ,CP.2            ,PLT16*240,Q355    ,16,240,420,1,1,12.66,,,12.66,12.66,0.22,0.22,,1608,
           ,BG-1.....25 - NXE,BG-1.....25 - NXE-F.60            ,                ,F.60            ,PLT10*200,Q355    ,10,200,584,1,1,8.94,8.94,8.94,8.94,8.94,0.24,0.24,,,
           ,BG-1.....25 - NXE,BG-1.....25 - NXE-F.61            ,                ,F.61            ,PLT10*200,Q355    ,10,200,547,1,1,8.35,8.35,8.35,8.35,8.35,0.23,0.23,,,
           ,BG-1.....25 - NXE,BG-1.....25 - NXE-R.1             ,                ,R.1             ,PLT6*100,Q355    ,6,100,100,1,1,0.31,,,0.31,0.31,0.02,0.02,,,
           ,BG-1.....25 - NXE,BG-1.....25 - NXE-W.40            ,                ,W.40            ,PLT6*280,Q355    ,6,280,581,1,1,7.4,7.4,7.4,7.4,7.4,0.32,0.32,2324,,
60,BG-1.....25 - NXE,BG-1.....25 - NXE-SC2.3           ,COT             ,SC2.3           ,H200X200X6X10,Q355    ,,          ,2140,       ,1,             ,126.08,126.08,171.91,171.91,4.79,4.79,,6072,
           ,BG-1.....25 - NXE,BG-1.....25 - NXE-BP.1            ,                ,BP.1            ,PLT16*240,Q355    ,16,240,240,1,1,7.23,,,7.23,7.23,0.13,0.13,,1248,
           ,BG-1.....25 - NXE,BG-1.....25 - NXE-CP.2            ,                ,CP.2            ,PLT16*240,Q355    ,16,240,420,1,1,12.66,,,12.66,12.66,0.22,0.22,,1608,
           ,BG-1.....25 - NXE,BG-1.....25 - NXE-F.19            ,                ,F.19            ,PLT10*200,Q355    ,10,200,2044,1,1,32.1,32.1,32.1,32.1,32.1,0.86,0.86,,,
           ,BG-1.....25 - NXE,BG-1.....25 - NXE-F.20            ,                ,F.20            ,PLT10*200,Q355    ,10,200,1624,1,1,25.5,25.5,25.5,25.5,25.5,0.69,0.69,,,
           ,BG-1.....25 - NXE,BG-1.....25 - NXE-W.12            ,                ,W.12            ,PLT6*180,Q355    ,6,180,2044,1,1,17.33,17.33,17.33,17.33,17.33,0.76,0.76,8176,,
           ,BG-1.....25 - NXE,BG-1.....25 - NXE-BK.4            ,                ,BK.4            ,H300*200*6*10,Q355    ,,          ,641,1,1,,,,,,,,,,
           ,BG-1.....25 - NXE,BG-1.....25 - NXE-CP.2            ,                ,CP.2            ,PLT16*240,Q355    ,16,240,420,1,1,12.66,,,12.66,12.66,0.22,0.22,,1608,
           ,BG-1.....25 - NXE,BG-1.....25 - NXE-F.62            ,                ,F.62            ,PLT10*200,Q355    ,10,200,586,1,1,8.96,8.96,8.96,8.96,8.96,0.24,0.24,,,
           ,BG-1.....25 - NXE,BG-1.....25 - NXE-F.63            ,                ,F.63            ,PLT10*200,Q355    ,10,200,625,1,1,9.57,9.57,9.57,9.57,9.57,0.26,0.26,,,
           ,BG-1.....25 - NXE,BG-1.....25 - NXE-R.1             ,                ,R.1             ,PLT6*100,Q355    ,6,100,100,1,1,0.31,,,0.31,0.31,0.02,0.02,,,
           ,BG-1.....25 - NXE,BG-1.....25 - NXE-W.41            ,                ,W.41            ,PLT6*280,Q355    ,6,280,621,1,1,7.93,7.93,7.93,7.93,7.93,0.35,0.35,2484,,
           ,BG-1.....25 - NXE,BG-1.....25 - NXE-BK.5            ,                ,BK.5            ,H300*200*6*10,Q355    ,,          ,600,1,1,,,,,,,,,,
           ,BG-1.....25 - NXE,BG-1.....25 - NXE-CP.2            ,                ,CP.2            ,PLT16*240,Q355    ,16,240,420,1,1,12.66,,,12.66,12.66,0.22,0.22,,1608,
           ,BG-1.....25 - NXE,BG-1.....25 - NXE-F.60            ,                ,F.60            ,PLT10*200,Q355    ,10,200,584,1,1,8.94,8.94,8.94,8.94,8.94,0.24,0.24,,,
           ,BG-1.....25 - NXE,BG-1.....25 - NXE-F.61            ,                ,F.61            ,PLT10*200,Q355    ,10,200,547,1,1,8.35,8.35,8.35,8.35,8.35,0.23,0.23,,,
           ,BG-1.....25 - NXE,BG-1.....25 - NXE-R.1             ,                ,R.1             ,PLT6*100,Q355    ,6,100,100,1,1,0.31,,,0.31,0.31,0.02,0.02,,,
           ,BG-1.....25 - NXE,BG-1.....25 - NXE-W.40            ,                ,W.40            ,PLT6*280,Q355    ,6,280,581,1,1,7.4,7.4,7.4,7.4,7.4,0.32,0.32,2324,,
61,BG-1.....25 - NXE,BG-1.....25 - NXE-SC2.4           ,COT             ,SC2.4           ,H200X200X6X10,Q355    ,,          ,2810,       ,1,             ,154.82,154.82,200.65,200.65,5.42,5.66,,6072,
           ,BG-1.....25 - NXE,BG-1.....25 - NXE-BP.1            ,                ,BP.1            ,PLT16*240,Q355    ,16,240,240,1,1,7.23,,,7.23,7.23,0.13,0.13,,1248,
           ,BG-1.....25 - NXE,BG-1.....25 - NXE-CP.2            ,                ,CP.2            ,PLT16*240,Q355    ,16,240,420,1,1,12.66,,,12.66,12.66,0.22,0.22,,1608,
           ,BG-1.....25 - NXE,BG-1.....25 - NXE-F.25            ,                ,F.25            ,PLT10*200,Q355    ,10,200,2794,1,1,43.87,43.87,43.87,43.87,43.87,1.18,1.18,,,
           ,BG-1.....25 - NXE,BG-1.....25 - NXE-F.26            ,                ,F.26            ,PLT10*200,Q355    ,10,200,2374,1,1,37.27,37.27,37.27,37.27,37.27,1,1,,,
           ,BG-1.....25 - NXE,BG-1.....25 - NXE-W.15            ,                ,W.15            ,PLT6*180,Q355    ,6,180,2794,1,1,23.69,23.69,23.69,23.69,23.69,1.04,1.04,11176,,
           ,BG-1.....25 - NXE,BG-1.....25 - NXE-BK.9            ,                ,BK.9            ,H300*200*6*10,Q355    ,,          ,596,1,1,,,,,,,,,,
           ,BG-1.....25 - NXE,BG-1.....25 - NXE-CP.2            ,                ,CP.2            ,PLT16*240,Q355    ,16,240,420,1,1,12.66,,,12.66,12.66,0.22,0.22,,1608,
           ,BG-1.....25 - NXE,BG-1.....25 - NXE-F.54            ,                ,F.54            ,PLT10*200,Q355    ,10,200,580,2,2,8.86,17.72,17.72,17.72,17.72,0.24,0.48,,,
           ,BG-1.....25 - NXE,BG-1.....25 - NXE-R.1             ,                ,R.1             ,PLT6*100,Q355    ,6,100,100,1,1,0.31,,,0.31,0.31,0.02,0.02,,,
           ,BG-1.....25 - NXE,BG-1.....25 - NXE-W.29            ,                ,W.29            ,PLT6*280,Q355    ,6,280,580,1,1,7.58,7.58,7.58,7.58,7.58,0.33,0.33,2320,,
           ,BG-1.....25 - NXE,BG-1.....25 - NXE-BK.12           ,                ,BK.12           ,H300*200*6*10,Q355    ,,          ,600,1,1,,,,,,,,,,
           ,BG-1.....25 - NXE,BG-1.....25 - NXE-CP.2            ,                ,CP.2            ,PLT16*240,Q355    ,16,240,420,1,1,12.66,,,12.66,12.66,0.22,0.22,,1608,
           ,BG-1.....25 - NXE,BG-1.....25 - NXE-F.60            ,                ,F.60            ,PLT10*200,Q355    ,10,200,584,1,1,8.94,8.94,8.94,8.94,8.94,0.24,0.24,,,
           ,BG-1.....25 - NXE,BG-1.....25 - NXE-F.61            ,                ,F.61            ,PLT10*200,Q355    ,10,200,547,1,1,8.35,8.35,8.35,8.35,8.35,0.23,0.23,,,
           ,BG-1.....25 - NXE,BG-1.....25 - NXE-R.1             ,                ,R.1             ,PLT6*100,Q355    ,6,100,100,1,1,0.31,,,0.31,0.31,0.02,0.02,,,
           ,BG-1.....25 - NXE,BG-1.....25 - NXE-W.40            ,                ,W.40            ,PLT6*280,Q355    ,6,280,581,1,1,7.4,7.4,7.4,7.4,7.4,0.32,0.32,2324,,
62,BG-1.....25 - NXE,BG-1.....25 - NXE-SC2.5           ,COT             ,SC2.5           ,H200X200X6X10,Q355    ,,          ,2810,       ,1,             ,154.76,154.76,200.59,200.59,5.42,5.66,,6072,
           ,BG-1.....25 - NXE,BG-1.....25 - NXE-BP.1            ,                ,BP.1            ,PLT16*240,Q355    ,16,240,240,1,1,7.23,,,7.23,7.23,0.13,0.13,,1248,
           ,BG-1.....25 - NXE,BG-1.....25 - NXE-CP.2            ,                ,CP.2            ,PLT16*240,Q355    ,16,240,420,1,1,12.66,,,12.66,12.66,0.22,0.22,,1608,
           ,BG-1.....25 - NXE,BG-1.....25 - NXE-F.25            ,                ,F.25            ,PLT10*200,Q355    ,10,200,2794,1,1,43.87,43.87,43.87,43.87,43.87,1.18,1.18,,,
           ,BG-1.....25 - NXE,BG-1.....25 - NXE-F.26            ,                ,F.26            ,PLT10*200,Q355    ,10,200,2374,1,1,37.27,37.27,37.27,37.27,37.27,1,1,,,
           ,BG-1.....25 - NXE,BG-1.....25 - NXE-W.15            ,                ,W.15            ,PLT6*180,Q355    ,6,180,2794,1,1,23.69,23.69,23.69,23.69,23.69,1.04,1.04,11176,,
           ,BG-1.....25 - NXE,BG-1.....25 - NXE-BK.5            ,                ,BK.5            ,H300*200*6*10,Q355    ,,          ,600,1,1,,,,,,,,,,
           ,BG-1.....25 - NXE,BG-1.....25 - NXE-CP.2            ,                ,CP.2            ,PLT16*240,Q355    ,16,240,420,1,1,12.66,,,12.66,12.66,0.22,0.22,,1608,
           ,BG-1.....25 - NXE,BG-1.....25 - NXE-F.60            ,                ,F.60            ,PLT10*200,Q355    ,10,200,584,1,1,8.94,8.94,8.94,8.94,8.94,0.24,0.24,,,
           ,BG-1.....25 - NXE,BG-1.....25 - NXE-F.61            ,                ,F.61            ,PLT10*200,Q355    ,10,200,547,1,1,8.35,8.35,8.35,8.35,8.35,0.23,0.23,,,
           ,BG-1.....25 - NXE,BG-1.....25 - NXE-R.1             ,                ,R.1             ,PLT6*100,Q355    ,6,100,100,1,1,0.31,,,0.31,0.31,0.02,0.02,,,
           ,BG-1.....25 - NXE,BG-1.....25 - NXE-W.40            ,                ,W.40            ,PLT6*280,Q355    ,6,280,581,1,1,7.4,7.4,7.4,7.4,7.4,0.32,0.32,2324,,
           ,BG-1.....25 - NXE,BG-1.....25 - NXE-BK.10           ,                ,BK.10           ,H300*200*6*10,Q355    ,,          ,596,1,1,,,,,,,,,,
           ,BG-1.....25 - NXE,BG-1.....25 - NXE-CP.2            ,                ,CP.2            ,PLT16*240,Q355    ,16,240,420,1,1,12.66,,,12.66,12.66,0.22,0.22,,1608,
           ,BG-1.....25 - NXE,BG-1.....25 - NXE-F.55            ,                ,F.55            ,PLT10*200,Q355    ,10,200,580,2,2,8.83,17.66,17.66,17.66,17.66,0.24,0.48,,,
           ,BG-1.....25 - NXE,BG-1.....25 - NXE-R.1             ,                ,R.1             ,PLT6*100,Q355    ,6,100,100,1,1,0.31,,,0.31,0.31,0.02,0.02,,,
           ,BG-1.....25 - NXE,BG-1.....25 - NXE-W.29            ,                ,W.29            ,PLT6*280,Q355    ,6,280,580,1,1,7.58,7.58,7.58,7.58,7.58,0.33,0.33,2320,,
63,BG-1.....25 - NXE,BG-1.....25 - NXE-SC2.6           ,COT             ,SC2.6           ,H200X200X6X10,Q355    ,,          ,2890,       ,1,             ,156.53,156.53,202.36,202.36,5.47,5.71,,6072,
           ,BG-1.....25 - NXE,BG-1.....25 - NXE-BP.1            ,                ,BP.1            ,PLT16*240,Q355    ,16,240,240,1,1,7.23,,,7.23,7.23,0.13,0.13,,1248,
           ,BG-1.....25 - NXE,BG-1.....25 - NXE-CP.2            ,                ,CP.2            ,PLT16*240,Q355    ,16,240,420,1,1,12.66,,,12.66,12.66,0.22,0.22,,1608,
           ,BG-1.....25 - NXE,BG-1.....25 - NXE-F.25            ,                ,F.25            ,PLT10*200,Q355    ,10,200,2794,1,1,43.87,43.87,43.87,43.87,43.87,1.18,1.18,,,
           ,BG-1.....25 - NXE,BG-1.....25 - NXE-F.26            ,                ,F.26            ,PLT10*200,Q355    ,10,200,2374,1,1,37.27,37.27,37.27,37.27,37.27,1,1,,,
           ,BG-1.....25 - NXE,BG-1.....25 - NXE-W.15            ,                ,W.15            ,PLT6*180,Q355    ,6,180,2794,1,1,23.69,23.69,23.69,23.69,23.69,1.04,1.04,11176,,
           ,BG-1.....25 - NXE,BG-1.....25 - NXE-BK.4            ,                ,BK.4            ,H300*200*6*10,Q355    ,,          ,641,1,1,,,,,,,,,,
           ,BG-1.....25 - NXE,BG-1.....25 - NXE-CP.2            ,                ,CP.2            ,PLT16*240,Q355    ,16,240,420,1,1,12.66,,,12.66,12.66,0.22,0.22,,1608,
           ,BG-1.....25 - NXE,BG-1.....25 - NXE-F.62            ,                ,F.62            ,PLT10*200,Q355    ,10,200,586,1,1,8.96,8.96,8.96,8.96,8.96,0.24,0.24,,,
           ,BG-1.....25 - NXE,BG-1.....25 - NXE-F.63            ,                ,F.63            ,PLT10*200,Q355    ,10,200,625,1,1,9.57,9.57,9.57,9.57,9.57,0.26,0.26,,,
           ,BG-1.....25 - NXE,BG-1.....25 - NXE-R.1             ,                ,R.1             ,PLT6*100,Q355    ,6,100,100,1,1,0.31,,,0.31,0.31,0.02,0.02,,,
           ,BG-1.....25 - NXE,BG-1.....25 - NXE-W.41            ,                ,W.41            ,PLT6*280,Q355    ,6,280,621,1,1,7.93,7.93,7.93,7.93,7.93,0.35,0.35,2484,,
           ,BG-1.....25 - NXE,BG-1.....25 - NXE-BK.11           ,                ,BK.11           ,H300*200*6*10,Q355    ,,          ,596,1,1,,,,,,,,,,
           ,BG-1.....25 - NXE,BG-1.....25 - NXE-CP.2            ,                ,CP.2            ,PLT16*240,Q355    ,16,240,420,1,1,12.66,,,12.66,12.66,0.22,0.22,,1608,
           ,BG-1.....25 - NXE,BG-1.....25 - NXE-F.55            ,                ,F.55            ,PLT10*200,Q355    ,10,200,580,2,2,8.83,17.66,17.66,17.66,17.66,0.24,0.48,,,
           ,BG-1.....25 - NXE,BG-1.....25 - NXE-R.1             ,                ,R.1             ,PLT6*100,Q355    ,6,100,100,1,1,0.31,,,0.31,0.31,0.02,0.02,,,
           ,BG-1.....25 - NXE,BG-1.....25 - NXE-W.29            ,                ,W.29            ,PLT6*280,Q355    ,6,280,580,1,1,7.58,7.58,7.58,7.58,7.58,0.33,0.33,2320,,
64,BG-1.....25 - NXE,BG-1.....25 - NXE-SC2.7           ,COT             ,SC2.7           ,H200X200X6X10,Q355    ,,          ,2890,       ,1,             ,156.59,156.59,202.42,202.42,5.47,5.71,,6072,
           ,BG-1.....25 - NXE,BG-1.....25 - NXE-BP.1            ,                ,BP.1            ,PLT16*240,Q355    ,16,240,240,1,1,7.23,,,7.23,7.23,0.13,0.13,,1248,
           ,BG-1.....25 - NXE,BG-1.....25 - NXE-CP.2            ,                ,CP.2            ,PLT16*240,Q355    ,16,240,420,1,1,12.66,,,12.66,12.66,0.22,0.22,,1608,
           ,BG-1.....25 - NXE,BG-1.....25 - NXE-F.25            ,                ,F.25            ,PLT10*200,Q355    ,10,200,2794,1,1,43.87,43.87,43.87,43.87,43.87,1.18,1.18,,,
           ,BG-1.....25 - NXE,BG-1.....25 - NXE-F.26            ,                ,F.26            ,PLT10*200,Q355    ,10,200,2374,1,1,37.27,37.27,37.27,37.27,37.27,1,1,,,
           ,BG-1.....25 - NXE,BG-1.....25 - NXE-W.15            ,                ,W.15            ,PLT6*180,Q355    ,6,180,2794,1,1,23.69,23.69,23.69,23.69,23.69,1.04,1.04,11176,,
           ,BG-1.....25 - NXE,BG-1.....25 - NXE-BK.6            ,                ,BK.6            ,H300*200*6*10,Q355    ,,          ,596,1,1,,,,,,,,,,
           ,BG-1.....25 - NXE,BG-1.....25 - NXE-CP.2            ,                ,CP.2            ,PLT16*240,Q355    ,16,240,420,1,1,12.66,,,12.66,12.66,0.22,0.22,,1608,
           ,BG-1.....25 - NXE,BG-1.....25 - NXE-F.54            ,                ,F.54            ,PLT10*200,Q355    ,10,200,580,2,2,8.86,17.72,17.72,17.72,17.72,0.24,0.48,,,
           ,BG-1.....25 - NXE,BG-1.....25 - NXE-R.1             ,                ,R.1             ,PLT6*100,Q355    ,6,100,100,1,1,0.31,,,0.31,0.31,0.02,0.02,,,
           ,BG-1.....25 - NXE,BG-1.....25 - NXE-W.29            ,                ,W.29            ,PLT6*280,Q355    ,6,280,580,1,1,7.58,7.58,7.58,7.58,7.58,0.33,0.33,2320,,
           ,BG-1.....25 - NXE,BG-1.....25 - NXE-BK.13           ,                ,BK.13           ,H300*200*6*10,Q355    ,,          ,641,1,1,,,,,,,,,,
           ,BG-1.....25 - NXE,BG-1.....25 - NXE-CP.2            ,                ,CP.2            ,PLT16*240,Q355    ,16,240,420,1,1,12.66,,,12.66,12.66,0.22,0.22,,1608,
           ,BG-1.....25 - NXE,BG-1.....25 - NXE-F.62            ,                ,F.62            ,PLT10*200,Q355    ,10,200,586,1,1,8.96,8.96,8.96,8.96,8.96,0.24,0.24,,,
           ,BG-1.....25 - NXE,BG-1.....25 - NXE-F.63            ,                ,F.63            ,PLT10*200,Q355    ,10,200,625,1,1,9.57,9.57,9.57,9.57,9.57,0.26,0.26,,,
           ,BG-1.....25 - NXE,BG-1.....25 - NXE-R.1             ,                ,R.1             ,PLT6*100,Q355    ,6,100,100,1,1,0.31,,,0.31,0.31,0.02,0.02,,,
           ,BG-1.....25 - NXE,BG-1.....25 - NXE-W.41            ,                ,W.41            ,PLT6*280,Q355    ,6,280,621,1,1,7.93,7.93,7.93,7.93,7.93,0.35,0.35,2484,,
65,BG-1.....25 - NXE,BG-1.....25 - NXE-SC2.8           ,COT             ,SC2.8           ,H200X200X6X10,Q355    ,,          ,2140,       ,1,             ,126.08,126.08,171.91,171.91,4.79,4.79,,6072,
           ,BG-1.....25 - NXE,BG-1.....25 - NXE-BP.1            ,                ,BP.1            ,PLT16*240,Q355    ,16,240,240,1,1,7.23,,,7.23,7.23,0.13,0.13,,1248,
           ,BG-1.....25 - NXE,BG-1.....25 - NXE-CP.2            ,                ,CP.2            ,PLT16*240,Q355    ,16,240,420,1,1,12.66,,,12.66,12.66,0.22,0.22,,1608,
           ,BG-1.....25 - NXE,BG-1.....25 - NXE-F.19            ,                ,F.19            ,PLT10*200,Q355    ,10,200,2044,1,1,32.1,32.1,32.1,32.1,32.1,0.86,0.86,,,
           ,BG-1.....25 - NXE,BG-1.....25 - NXE-F.20            ,                ,F.20            ,PLT10*200,Q355    ,10,200,1624,1,1,25.5,25.5,25.5,25.5,25.5,0.69,0.69,,,
           ,BG-1.....25 - NXE,BG-1.....25 - NXE-W.12            ,                ,W.12            ,PLT6*180,Q355    ,6,180,2044,1,1,17.33,17.33,17.33,17.33,17.33,0.76,0.76,8176,,
           ,BG-1.....25 - NXE,BG-1.....25 - NXE-BK.12           ,                ,BK.12           ,H300*200*6*10,Q355    ,,          ,600,1,1,,,,,,,,,,
           ,BG-1.....25 - NXE,BG-1.....25 - NXE-CP.2            ,                ,CP.2            ,PLT16*240,Q355    ,16,240,420,1,1,12.66,,,12.66,12.66,0.22,0.22,,1608,
           ,BG-1.....25 - NXE,BG-1.....25 - NXE-F.60            ,                ,F.60            ,PLT10*200,Q355    ,10,200,584,1,1,8.94,8.94,8.94,8.94,8.94,0.24,0.24,,,
           ,BG-1.....25 - NXE,BG-1.....25 - NXE-F.61            ,                ,F.61            ,PLT10*200,Q355    ,10,200,547,1,1,8.35,8.35,8.35,8.35,8.35,0.23,0.23,,,
           ,BG-1.....25 - NXE,BG-1.....25 - NXE-R.1             ,                ,R.1             ,PLT6*100,Q355    ,6,100,100,1,1,0.31,,,0.31,0.31,0.02,0.02,,,
           ,BG-1.....25 - NXE,BG-1.....25 - NXE-W.40            ,                ,W.40            ,PLT6*280,Q355    ,6,280,581,1,1,7.4,7.4,7.4,7.4,7.4,0.32,0.32,2324,,
           ,BG-1.....25 - NXE,BG-1.....25 - NXE-BK.13           ,                ,BK.13           ,H300*200*6*10,Q355    ,,          ,641,1,1,,,,,,,,,,
           ,BG-1.....25 - NXE,BG-1.....25 - NXE-CP.2            ,                ,CP.2            ,PLT16*240,Q355    ,16,240,420,1,1,12.66,,,12.66,12.66,0.22,0.22,,1608,
           ,BG-1.....25 - NXE,BG-1.....25 - NXE-F.62            ,                ,F.62            ,PLT10*200,Q355    ,10,200,586,1,1,8.96,8.96,8.96,8.96,8.96,0.24,0.24,,,
           ,BG-1.....25 - NXE,BG-1.....25 - NXE-F.63            ,                ,F.63            ,PLT10*200,Q355    ,10,200,625,1,1,9.57,9.57,9.57,9.57,9.57,0.26,0.26,,,
           ,BG-1.....25 - NXE,BG-1.....25 - NXE-R.1             ,                ,R.1             ,PLT6*100,Q355    ,6,100,100,1,1,0.31,,,0.31,0.31,0.02,0.02,,,
           ,BG-1.....25 - NXE,BG-1.....25 - NXE-W.41            ,                ,W.41            ,PLT6*280,Q355    ,6,280,621,1,1,7.93,7.93,7.93,7.93,7.93,0.35,0.35,2484,,
66,BG-1.....25 - NXE,BG-1.....25 - NXE-SC2.9           ,COT             ,SC2.9           ,H200X200X6X10,Q355    ,,          ,1390,       ,1,             ,96.17,96.17,142,142,3.88,3.88,,6072,
           ,BG-1.....25 - NXE,BG-1.....25 - NXE-BP.1            ,                ,BP.1            ,PLT16*240,Q355    ,16,240,240,1,1,7.23,,,7.23,7.23,0.13,0.13,,1248,
           ,BG-1.....25 - NXE,BG-1.....25 - NXE-CP.2            ,                ,CP.2            ,PLT16*240,Q355    ,16,240,420,1,1,12.66,,,12.66,12.66,0.22,0.22,,1608,
           ,BG-1.....25 - NXE,BG-1.....25 - NXE-F.16            ,                ,F.16            ,PLT10*200,Q355    ,10,200,1294,1,1,20.32,20.32,20.32,20.32,20.32,0.55,0.55,,,
           ,BG-1.....25 - NXE,BG-1.....25 - NXE-F.17            ,                ,F.17            ,PLT10*200,Q355    ,10,200,874,1,1,13.73,13.73,13.73,13.73,13.73,0.37,0.37,,,
           ,BG-1.....25 - NXE,BG-1.....25 - NXE-W.11            ,                ,W.11            ,PLT6*180,Q355    ,6,180,1294,1,1,10.97,10.97,10.97,10.97,10.97,0.48,0.48,5176,,
           ,BG-1.....25 - NXE,BG-1.....25 - NXE-BK.12           ,                ,BK.12           ,H300*200*6*10,Q355    ,,          ,600,1,1,,,,,,,,,,
           ,BG-1.....25 - NXE,BG-1.....25 - NXE-CP.2            ,                ,CP.2            ,PLT16*240,Q355    ,16,240,420,1,1,12.66,,,12.66,12.66,0.22,0.22,,1608,
           ,BG-1.....25 - NXE,BG-1.....25 - NXE-F.60            ,                ,F.60            ,PLT10*200,Q355    ,10,200,584,1,1,8.94,8.94,8.94,8.94,8.94,0.24,0.24,,,
           ,BG-1.....25 - NXE,BG-1.....25 - NXE-F.61            ,                ,F.61            ,PLT10*200,Q355    ,10,200,547,1,1,8.35,8.35,8.35,8.35,8.35,0.23,0.23,,,
           ,BG-1.....25 - NXE,BG-1.....25 - NXE-R.1             ,                ,R.1             ,PLT6*100,Q355    ,6,100,100,1,1,0.31,,,0.31,0.31,0.02,0.02,,,
           ,BG-1.....25 - NXE,BG-1.....25 - NXE-W.40            ,                ,W.40            ,PLT6*280,Q355    ,6,280,581,1,1,7.4,7.4,7.4,7.4,7.4,0.32,0.32,2324,,
           ,BG-1.....25 - NXE,BG-1.....25 - NXE-BK.13           ,                ,BK.13           ,H300*200*6*10,Q355    ,,          ,641,1,1,,,,,,,,,,
           ,BG-1.....25 - NXE,BG-1.....25 - NXE-CP.2            ,                ,CP.2            ,PLT16*240,Q355    ,16,240,420,1,1,12.66,,,12.66,12.66,0.22,0.22,,1608,
           ,BG-1.....25 - NXE,BG-1.....25 - NXE-F.62            ,                ,F.62            ,PLT10*200,Q355    ,10,200,586,1,1,8.96,8.96,8.96,8.96,8.96,0.24,0.24,,,
           ,BG-1.....25 - NXE,BG-1.....25 - NXE-F.63            ,                ,F.63            ,PLT10*200,Q355    ,10,200,625,1,1,9.57,9.57,9.57,9.57,9.57,0.26,0.26,,,
           ,BG-1.....25 - NXE,BG-1.....25 - NXE-R.1             ,                ,R.1             ,PLT6*100,Q355    ,6,100,100,1,1,0.31,,,0.31,0.31,0.02,0.02,,,
           ,BG-1.....25 - NXE,BG-1.....25 - NXE-W.41            ,                ,W.41            ,PLT6*280,Q355    ,6,280,621,1,1,7.93,7.93,7.93,7.93,7.93,0.35,0.35,2484,,
67,BG-1.....25 - NXE,BG-1.....25 - NXE-SC2.10          ,COT             ,SC2.10          ,H200X200X6X10,Q355    ,,          ,640,       ,1,             ,41.58,41.58,76.96,76.96,1.97,2.01,,5804.8,
           ,BG-1.....25 - NXE,BG-1.....25 - NXE-BP.1            ,                ,BP.1            ,PLT16*240,Q355    ,16,240,240,1,1,7.23,,,7.23,7.23,0.13,0.13,,1248,
           ,BG-1.....25 - NXE,BG-1.....25 - NXE-CP.2            ,                ,CP.2            ,PLT16*240,Q355    ,16,240,420,1,1,12.66,,,12.66,12.66,0.22,0.22,,1608,
           ,BG-1.....25 - NXE,BG-1.....25 - NXE-F.13            ,                ,F.13            ,PLT10*200,Q355    ,10,200,544,1,1,8.55,8.55,8.55,8.55,8.55,0.23,0.23,,,
           ,BG-1.....25 - NXE,BG-1.....25 - NXE-F.14            ,                ,F.14            ,PLT10*200,Q355    ,10,200,124,1,1,1.95,1.95,1.95,1.95,1.95,0.06,0.06,,,
           ,BG-1.....25 - NXE,BG-1.....25 - NXE-S.12            ,                ,S.12            ,PLT10*97,Q355    ,10,97,180,2,2,1.26,,,2.52,2.52,0.04,0.07,,1340.8,
           ,BG-1.....25 - NXE,BG-1.....25 - NXE-W.10            ,                ,W.10            ,PLT6*180,Q355    ,6,180,544,1,1,4.62,4.62,4.62,4.62,4.62,0.2,0.2,2176,,
           ,BG-1.....25 - NXE,BG-1.....25 - NXE-BK.13           ,                ,BK.13           ,H300*200*6*10,Q355    ,,          ,641,1,1,,,,,,,,,,
           ,BG-1.....25 - NXE,BG-1.....25 - NXE-CP.2            ,                ,CP.2            ,PLT16*240,Q355    ,16,240,420,1,1,12.66,,,12.66,12.66,0.22,0.22,,1608,
           ,BG-1.....25 - NXE,BG-1.....25 - NXE-F.62            ,                ,F.62            ,PLT10*200,Q355    ,10,200,586,1,1,8.96,8.96,8.96,8.96,8.96,0.24,0.24,,,
           ,BG-1.....25 - NXE,BG-1.....25 - NXE-F.63            ,                ,F.63            ,PLT10*200,Q355    ,10,200,625,1,1,9.57,9.57,9.57,9.57,9.57,0.26,0.26,,,
           ,BG-1.....25 - NXE,BG-1.....25 - NXE-R.1             ,                ,R.1             ,PLT6*100,Q355    ,6,100,100,1,1,0.31,,,0.31,0.31,0.02,0.02,,,
           ,BG-1.....25 - NXE,BG-1.....25 - NXE-W.41            ,                ,W.41            ,PLT6*280,Q355    ,6,280,621,1,1,7.93,7.93,7.93,7.93,7.93,0.35,0.35,2484,,
68,BG-1.....25 - NXE,BG-1.....25 - NXE-SG.1.1          ,BEAM            ,SG.1.1          ,H400*200*6*8,Q355    ,,          ,5099,       ,2,             ,218.96,437.92,268.32,536.64,6.61,18.57,,17627.2,
           ,BG-1.....25 - NXE,BG-1.....25 - NXE-CP.8            ,                ,CP.8            ,PLT16*240,Q355    ,16,240,599,2,4,18.09,,,36.18,72.36,0.31,1.26,,7864,
           ,BG-1.....25 - NXE,BG-1.....25 - NXE-F.7             ,                ,F.7             ,PLT8*200,Q355    ,8,200,5067,2,4,63.65,127.3,254.6,127.3,254.6,2.11,8.45,,,
           ,BG-1.....25 - NXE,BG-1.....25 - NXE-GP.2            ,                ,GP.2            ,PLT8*187,Q355    ,8,187,383,2,4,3.72,,,7.44,14.88,0.13,0.51,,5457.6,
           ,BG-1.....25 - NXE,BG-1.....25 - NXE-R.1             ,                ,R.1             ,PLT6*100,Q355    ,6,100,100,4,8,0.31,,,1.24,2.48,0.02,0.12,,,
           ,BG-1.....25 - NXE,BG-1.....25 - NXE-S.6             ,                ,S.6             ,PLT8*97,Q355    ,8,97,383,2,4,2.25,,,4.5,9,0.08,0.32,,4305.6,
           ,BG-1.....25 - NXE,BG-1.....25 - NXE-W.5             ,                ,W.5             ,PLT6*384,Q355    ,6,384,5067,1,2,91.66,91.66,183.32,91.66,183.32,3.96,7.92,40536,,
69,BG-1.....25 - NXE,BG-1.....25 - NXE-SG.1.2          ,BEAM            ,SG.1.2          ,H400*200*6*8,Q355    ,,          ,2699,       ,2,             ,115.27,230.54,158.66,317.32,3.74,10.42,,12745.6,
           ,BG-1.....25 - NXE,BG-1.....25 - NXE-CP.8            ,                ,CP.8            ,PLT16*240,Q355    ,16,240,599,2,4,18.09,,,36.18,72.36,0.31,1.26,,7864,
           ,BG-1.....25 - NXE,BG-1.....25 - NXE-F.9             ,                ,F.9             ,PLT8*200,Q355    ,8,200,2667,2,4,33.51,67.02,134.04,67.02,134.04,1.11,4.45,,,
           ,BG-1.....25 - NXE,BG-1.....25 - NXE-GP.2            ,                ,GP.2            ,PLT8*187,Q355    ,8,187,383,1,2,3.72,,,3.72,7.44,0.13,0.25,,2728.8,
           ,BG-1.....25 - NXE,BG-1.....25 - NXE-R.1             ,                ,R.1             ,PLT6*100,Q355    ,6,100,100,4,8,0.31,,,1.24,2.48,0.02,0.12,,,
           ,BG-1.....25 - NXE,BG-1.....25 - NXE-S.6             ,                ,S.6             ,PLT8*97,Q355    ,8,97,383,1,2,2.25,,,2.25,4.5,0.08,0.16,,2152.8,
           ,BG-1.....25 - NXE,BG-1.....25 - NXE-W.7             ,                ,W.7             ,PLT6*384,Q355    ,6,384,2667,1,2,48.25,48.25,96.5,48.25,96.5,2.09,4.17,21336,,
70,BG-1.....25 - NXE,BG-1.....25 - NXE-SG.1.3          ,BEAM            ,SG.1.3          ,H400*200*6*8,Q355    ,,          ,2699,       ,40,             ,115.27,4610.8,160.13,6405.2,3.66,210.3,,266432,
           ,BG-1.....25 - NXE,BG-1.....25 - NXE-CP.8            ,                ,CP.8            ,PLT16*240,Q355    ,16,240,599,2,80,18.09,,,36.18,1447.2,0.31,25.19,,157280,
           ,BG-1.....25 - NXE,BG-1.....25 - NXE-F.9             ,                ,F.9             ,PLT8*200,Q355    ,8,200,2667,2,80,33.51,67.02,2680.8,67.02,2680.8,1.11,89.05,,,
           ,BG-1.....25 - NXE,BG-1.....25 - NXE-GP.2            ,                ,GP.2            ,PLT8*187,Q355    ,8,187,383,2,80,3.72,,,7.44,297.6,0.13,10.19,,109152,
           ,BG-1.....25 - NXE,BG-1.....25 - NXE-R.1             ,                ,R.1             ,PLT6*100,Q355    ,6,100,100,4,160,0.31,,,1.24,49.6,0.02,2.44,,,
           ,BG-1.....25 - NXE,BG-1.....25 - NXE-W.7             ,                ,W.7             ,PLT6*384,Q355    ,6,384,2667,1,40,48.25,48.25,1930,48.25,1930,2.09,83.43,426720,,
71,BG-1.....25 - NXE,BG-1.....25 - NXE-SG.1.4          ,BEAM            ,SG.1.4          ,H400*200*6*8,Q355    ,,          ,1699,       ,6,             ,72.07,432.42,115.46,692.76,2.54,21.58,,38236.8,
           ,BG-1.....25 - NXE,BG-1.....25 - NXE-CP.8            ,                ,CP.8            ,PLT16*240,Q355    ,16,240,599,2,12,18.09,,,36.18,217.08,0.31,3.78,,23592,
           ,BG-1.....25 - NXE,BG-1.....25 - NXE-F.52            ,                ,F.52            ,PLT8*200,Q355    ,8,200,1667,2,12,20.95,41.9,251.4,41.9,251.4,0.7,8.37,,,
           ,BG-1.....25 - NXE,BG-1.....25 - NXE-GP.2            ,                ,GP.2            ,PLT8*187,Q355    ,8,187,383,1,6,3.72,,,3.72,22.32,0.13,0.76,,8186.4,
           ,BG-1.....25 - NXE,BG-1.....25 - NXE-R.1             ,                ,R.1             ,PLT6*100,Q355    ,6,100,100,4,24,0.31,,,1.24,7.44,0.02,0.37,,,
           ,BG-1.....25 - NXE,BG-1.....25 - NXE-S.6             ,                ,S.6             ,PLT8*97,Q355    ,8,97,383,1,6,2.25,,,2.25,13.5,0.08,0.47,,6458.4,
           ,BG-1.....25 - NXE,BG-1.....25 - NXE-W.32            ,                ,W.32            ,PLT6*384,Q355    ,6,384,1667,1,6,30.17,30.17,181.02,30.17,181.02,1.31,7.83,40008,,
72,BG-1.....25 - NXE,BG-1.....25 - NXE-SG.1.5          ,BEAM            ,SG.1.5          ,H400*200*6*8,Q355    ,,          ,2999,       ,12,             ,128.24,1538.88,173.1,2077.2,4.02,68.89,,79929.6,
           ,BG-1.....25 - NXE,BG-1.....25 - NXE-CP.8            ,                ,CP.8            ,PLT16*240,Q355    ,16,240,599,2,24,18.09,,,36.18,434.16,0.31,7.56,,47184,
           ,BG-1.....25 - NXE,BG-1.....25 - NXE-F.51            ,                ,F.51            ,PLT8*200,Q355    ,8,200,2967,2,24,37.28,74.56,894.72,74.56,894.72,1.24,29.71,,,
           ,BG-1.....25 - NXE,BG-1.....25 - NXE-GP.2            ,                ,GP.2            ,PLT8*187,Q355    ,8,187,383,2,24,3.72,,,7.44,89.28,0.13,3.06,,32745.6,
           ,BG-1.....25 - NXE,BG-1.....25 - NXE-R.1             ,                ,R.1             ,PLT6*100,Q355    ,6,100,100,4,48,0.31,,,1.24,14.88,0.02,0.73,,,
           ,BG-1.....25 - NXE,BG-1.....25 - NXE-W.31            ,                ,W.31            ,PLT6*384,Q355    ,6,384,2967,1,12,53.68,53.68,644.16,53.68,644.16,2.32,27.84,142416,,
73,BG-1.....25 - NXE,BG-1.....25 - NXE-SG.1.6          ,BEAM            ,SG.1.6          ,H400*200*6*8,Q355    ,,          ,1699,       ,6,             ,72.07,432.42,115.46,692.76,2.54,21.58,,38236.8,
           ,BG-1.....25 - NXE,BG-1.....25 - NXE-CP.8            ,                ,CP.8            ,PLT16*240,Q355    ,16,240,599,2,12,18.09,,,36.18,217.08,0.31,3.78,,23592,
           ,BG-1.....25 - NXE,BG-1.....25 - NXE-F.52            ,                ,F.52            ,PLT8*200,Q355    ,8,200,1667,2,12,20.95,41.9,251.4,41.9,251.4,0.7,8.37,,,
           ,BG-1.....25 - NXE,BG-1.....25 - NXE-GP.2            ,                ,GP.2            ,PLT8*187,Q355    ,8,187,383,1,6,3.72,,,3.72,22.32,0.13,0.76,,8186.4,
           ,BG-1.....25 - NXE,BG-1.....25 - NXE-R.1             ,                ,R.1             ,PLT6*100,Q355    ,6,100,100,4,24,0.31,,,1.24,7.44,0.02,0.37,,,
           ,BG-1.....25 - NXE,BG-1.....25 - NXE-S.6             ,                ,S.6             ,PLT8*97,Q355    ,8,97,383,1,6,2.25,,,2.25,13.5,0.08,0.47,,6458.4,
           ,BG-1.....25 - NXE,BG-1.....25 - NXE-W.32            ,                ,W.32            ,PLT6*384,Q355    ,6,384,1667,1,6,30.17,30.17,181.02,30.17,181.02,1.31,7.83,40008,,
74,BG-1.....25 - NXE,BG-1.....25 - NXE-SG.1.7          ,BEAM            ,SG.1.7          ,H400*200*6*8,Q355    ,,          ,5099,       ,2,             ,218.96,437.92,268.32,536.64,6.61,18.57,,17627.2,
           ,BG-1.....25 - NXE,BG-1.....25 - NXE-CP.8            ,                ,CP.8            ,PLT16*240,Q355    ,16,240,599,2,4,18.09,,,36.18,72.36,0.31,1.26,,7864,
           ,BG-1.....25 - NXE,BG-1.....25 - NXE-F.7             ,                ,F.7             ,PLT8*200,Q355    ,8,200,5067,2,4,63.65,127.3,254.6,127.3,254.6,2.11,8.45,,,
           ,BG-1.....25 - NXE,BG-1.....25 - NXE-GP.2            ,                ,GP.2            ,PLT8*187,Q355    ,8,187,383,2,4,3.72,,,7.44,14.88,0.13,0.51,,5457.6,
           ,BG-1.....25 - NXE,BG-1.....25 - NXE-R.1             ,                ,R.1             ,PLT6*100,Q355    ,6,100,100,4,8,0.31,,,1.24,2.48,0.02,0.12,,,
           ,BG-1.....25 - NXE,BG-1.....25 - NXE-S.6             ,                ,S.6             ,PLT8*97,Q355    ,8,97,383,2,4,2.25,,,4.5,9,0.08,0.32,,4305.6,
           ,BG-1.....25 - NXE,BG-1.....25 - NXE-W.5             ,                ,W.5             ,PLT6*384,Q355    ,6,384,5067,1,2,91.66,91.66,183.32,91.66,183.32,3.96,7.92,40536,,
75,BG-1.....25 - NXE,BG-1.....25 - NXE-SG.1.8          ,BEAM            ,SG.1.8          ,H400*200*6*8,Q355    ,,          ,2699,       ,2,             ,115.27,230.54,158.66,317.32,3.74,10.42,,12745.6,
           ,BG-1.....25 - NXE,BG-1.....25 - NXE-CP.8            ,                ,CP.8            ,PLT16*240,Q355    ,16,240,599,2,4,18.09,,,36.18,72.36,0.31,1.26,,7864,
           ,BG-1.....25 - NXE,BG-1.....25 - NXE-F.9             ,                ,F.9             ,PLT8*200,Q355    ,8,200,2667,2,4,33.51,67.02,134.04,67.02,134.04,1.11,4.45,,,
           ,BG-1.....25 - NXE,BG-1.....25 - NXE-GP.2            ,                ,GP.2            ,PLT8*187,Q355    ,8,187,383,1,2,3.72,,,3.72,7.44,0.13,0.25,,2728.8,
           ,BG-1.....25 - NXE,BG-1.....25 - NXE-R.1             ,                ,R.1             ,PLT6*100,Q355    ,6,100,100,4,8,0.31,,,1.24,2.48,0.02,0.12,,,
           ,BG-1.....25 - NXE,BG-1.....25 - NXE-S.6             ,                ,S.6             ,PLT8*97,Q355    ,8,97,383,1,2,2.25,,,2.25,4.5,0.08,0.16,,2152.8,
           ,BG-1.....25 - NXE,BG-1.....25 - NXE-W.7             ,                ,W.7             ,PLT6*384,Q355    ,6,384,2667,1,2,48.25,48.25,96.5,48.25,96.5,2.09,4.17,21336,,
76,BG-1.....25 - NXE,BG-1.....25 - NXE-SG.2.1          ,BEAM            ,SG.2.1          ,H400*200*8*10,Q355    ,,          ,5099,       ,24,             ,280.08,6721.92,332.18,7972.32,6.53,225.55,,224275.2,
           ,BG-1.....25 - NXE,BG-1.....25 - NXE-CP.8            ,                ,CP.8            ,PLT16*240,Q355    ,16,240,599,2,48,18.09,,,36.18,868.32,0.31,15.11,,94368,
           ,BG-1.....25 - NXE,BG-1.....25 - NXE-F.46            ,                ,F.46            ,PLT10*200,Q355    ,10,200,5067,2,48,79.57,159.14,3819.36,159.14,3819.36,2.13,102.36,,,
           ,BG-1.....25 - NXE,BG-1.....25 - NXE-GP.1            ,                ,GP.1            ,PLT8*186,Q355    ,8,186,379,4,96,3.67,,,14.68,352.32,0.13,12.08,,129907.2,
           ,BG-1.....25 - NXE,BG-1.....25 - NXE-R.1             ,                ,R.1             ,PLT6*100,Q355    ,6,100,100,4,96,0.31,,,1.24,29.76,0.02,1.46,,,
           ,BG-1.....25 - NXE,BG-1.....25 - NXE-W.26            ,                ,W.26            ,PLT8*380,Q355    ,8,380,5067,1,24,120.94,120.94,2902.56,120.94,2902.56,3.94,94.53,486432,,
77,BG-1.....25 - NXE,BG-1.....25 - NXE-SG.2.2          ,BEAM            ,SG.2.2          ,H400*200*8*10,Q355    ,,          ,5099,       ,4,             ,280.08,1120.32,332.18,1328.72,6.53,37.59,,37379.2,
           ,BG-1.....25 - NXE,BG-1.....25 - NXE-CP.8            ,                ,CP.8            ,PLT16*240,Q355    ,16,240,599,2,8,18.09,,,36.18,144.72,0.31,2.52,,15728,
           ,BG-1.....25 - NXE,BG-1.....25 - NXE-F.46            ,                ,F.46            ,PLT10*200,Q355    ,10,200,5067,2,8,79.57,159.14,636.56,159.14,636.56,2.13,17.06,,,
           ,BG-1.....25 - NXE,BG-1.....25 - NXE-GP.1            ,                ,GP.1            ,PLT8*186,Q355    ,8,186,379,4,16,3.67,,,14.68,58.72,0.13,2.01,,21651.2,
           ,BG-1.....25 - NXE,BG-1.....25 - NXE-R.1             ,                ,R.1             ,PLT6*100,Q355    ,6,100,100,4,16,0.31,,,1.24,4.96,0.02,0.24,,,
           ,BG-1.....25 - NXE,BG-1.....25 - NXE-W.26            ,                ,W.26            ,PLT8*380,Q355    ,8,380,5067,1,4,120.94,120.94,483.76,120.94,483.76,3.94,15.76,81072,,
78,BG-1.....25 - NXE,BG-1.....25 - NXE-SG.2.3          ,BEAM            ,SG.2.3          ,H400*200*8*10,Q355    ,,          ,5099,       ,6,             ,280.08,1680.48,332.18,1993.08,6.53,56.39,,56068.8,
           ,BG-1.....25 - NXE,BG-1.....25 - NXE-CP.8            ,                ,CP.8            ,PLT16*240,Q355    ,16,240,599,2,12,18.09,,,36.18,217.08,0.31,3.78,,23592,
           ,BG-1.....25 - NXE,BG-1.....25 - NXE-F.46            ,                ,F.46            ,PLT10*200,Q355    ,10,200,5067,2,12,79.57,159.14,954.84,159.14,954.84,2.13,25.59,,,
           ,BG-1.....25 - NXE,BG-1.....25 - NXE-GP.1            ,                ,GP.1            ,PLT8*186,Q355    ,8,186,379,4,24,3.67,,,14.68,88.08,0.13,3.02,,32476.8,
           ,BG-1.....25 - NXE,BG-1.....25 - NXE-R.1             ,                ,R.1             ,PLT6*100,Q355    ,6,100,100,4,24,0.31,,,1.24,7.44,0.02,0.37,,,
           ,BG-1.....25 - NXE,BG-1.....25 - NXE-W.26            ,                ,W.26            ,PLT8*380,Q355    ,8,380,5067,1,6,120.94,120.94,725.64,120.94,725.64,3.94,23.63,121608,,
79,BG-1.....25 - NXE,BG-1.....25 - NXE-SG.2.4          ,BEAM            ,SG.2.4          ,H400*200*8*10,Q355    ,,          ,5099,       ,6,             ,280.08,1680.48,332.18,1993.08,6.53,56.39,,56068.8,
           ,BG-1.....25 - NXE,BG-1.....25 - NXE-CP.8            ,                ,CP.8            ,PLT16*240,Q355    ,16,240,599,2,12,18.09,,,36.18,217.08,0.31,3.78,,23592,
           ,BG-1.....25 - NXE,BG-1.....25 - NXE-F.46            ,                ,F.46            ,PLT10*200,Q355    ,10,200,5067,2,12,79.57,159.14,954.84,159.14,954.84,2.13,25.59,,,
           ,BG-1.....25 - NXE,BG-1.....25 - NXE-GP.1            ,                ,GP.1            ,PLT8*186,Q355    ,8,186,379,4,24,3.67,,,14.68,88.08,0.13,3.02,,32476.8,
           ,BG-1.....25 - NXE,BG-1.....25 - NXE-R.1             ,                ,R.1             ,PLT6*100,Q355    ,6,100,100,4,24,0.31,,,1.24,7.44,0.02,0.37,,,
           ,BG-1.....25 - NXE,BG-1.....25 - NXE-W.26            ,                ,W.26            ,PLT8*380,Q355    ,8,380,5067,1,6,120.94,120.94,725.64,120.94,725.64,3.94,23.63,121608,,
80,BG-1.....25 - NXE,BG-1.....25 - NXE-SG.2.5          ,BEAM            ,SG.2.5          ,H400*200*8*10,Q355    ,,          ,5099,       ,2,             ,280.08,560.16,332.18,664.36,6.65,18.8,,18693.6,
           ,BG-1.....25 - NXE,BG-1.....25 - NXE-CP.8            ,                ,CP.8            ,PLT16*240,Q355    ,16,240,599,2,4,18.09,,,36.18,72.36,0.31,1.26,,7864,
           ,BG-1.....25 - NXE,BG-1.....25 - NXE-F.46            ,                ,F.46            ,PLT10*200,Q355    ,10,200,5067,2,4,79.57,159.14,318.28,159.14,318.28,2.13,8.53,,,
           ,BG-1.....25 - NXE,BG-1.....25 - NXE-GP.1            ,                ,GP.1            ,PLT8*186,Q355    ,8,186,379,3,6,3.67,,,11.01,22.02,0.13,0.75,,8119.2,
           ,BG-1.....25 - NXE,BG-1.....25 - NXE-GP.4            ,                ,GP.4            ,PLT8*186,Q355    ,8,186,380,1,2,3.67,,,3.67,7.34,0.13,0.25,,2710.4,
           ,BG-1.....25 - NXE,BG-1.....25 - NXE-R.1             ,                ,R.1             ,PLT6*100,Q355    ,6,100,100,4,8,0.31,,,1.24,2.48,0.02,0.12,,,
           ,BG-1.....25 - NXE,BG-1.....25 - NXE-W.26            ,                ,W.26            ,PLT8*380,Q355    ,8,380,5067,1,2,120.94,120.94,241.88,120.94,241.88,3.94,7.88,40536,,
81,BG-1.....25 - NXE,BG-1.....25 - NXE-SG.2.6          ,BEAM            ,SG.2.6          ,H400*200*8*10,Q355    ,,          ,5099,       ,2,             ,280.08,560.16,332.18,664.36,6.65,18.8,,18693.6,
           ,BG-1.....25 - NXE,BG-1.....25 - NXE-CP.8            ,                ,CP.8            ,PLT16*240,Q355    ,16,240,599,2,4,18.09,,,36.18,72.36,0.31,1.26,,7864,
           ,BG-1.....25 - NXE,BG-1.....25 - NXE-F.46            ,                ,F.46            ,PLT10*200,Q355    ,10,200,5067,2,4,79.57,159.14,318.28,159.14,318.28,2.13,8.53,,,
           ,BG-1.....25 - NXE,BG-1.....25 - NXE-GP.1            ,                ,GP.1            ,PLT8*186,Q355    ,8,186,379,3,6,3.67,,,11.01,22.02,0.13,0.75,,8119.2,
           ,BG-1.....25 - NXE,BG-1.....25 - NXE-GP.4            ,                ,GP.4            ,PLT8*186,Q355    ,8,186,380,1,2,3.67,,,3.67,7.34,0.13,0.25,,2710.4,
           ,BG-1.....25 - NXE,BG-1.....25 - NXE-R.1             ,                ,R.1             ,PLT6*100,Q355    ,6,100,100,4,8,0.31,,,1.24,2.48,0.02,0.12,,,
           ,BG-1.....25 - NXE,BG-1.....25 - NXE-W.26            ,                ,W.26            ,PLT8*380,Q355    ,8,380,5067,1,2,120.94,120.94,241.88,120.94,241.88,3.94,7.88,40536,,
82,BG-1.....25 - NXE,BG-1.....25 - NXE-SG.3.1          ,BEAM            ,SG.3.1          ,H300*200*6*10,Q355    ,,          ,4399,       ,146,             ,194.77,28436.42,220.71,32223.66,4.58,971.62,,469536,
           ,BG-1.....25 - NXE,BG-1.....25 - NXE-CP.2            ,                ,CP.2            ,PLT16*240,Q355    ,16,240,420,2,292,12.66,,,25.32,3696.72,0.22,65.03,,469536,
           ,BG-1.....25 - NXE,BG-1.....25 - NXE-F.48            ,                ,F.48            ,PLT10*200,Q355    ,10,200,4367,2,292,68.58,137.16,20025.36,137.16,20025.36,1.84,536.86,,,
           ,BG-1.....25 - NXE,BG-1.....25 - NXE-R.1             ,                ,R.1             ,PLT6*100,Q355    ,6,100,100,2,292,0.31,,,0.62,90.52,0.02,4.45,,,
           ,BG-1.....25 - NXE,BG-1.....25 - NXE-W.28            ,                ,W.28            ,PLT6*280,Q355    ,6,280,4367,1,146,57.61,57.61,8411.06,57.61,8411.06,2.5,365.27,2550328,,
83,BG-1.....25 - NXE,BG-1.....25 - NXE-SG.3.2          ,BEAM            ,SG.3.2          ,H300*200*6*10,Q355    ,,          ,4439,       ,14,             ,196.5,2751,222.44,3114.16,4.62,93.95,,45024,
           ,BG-1.....25 - NXE,BG-1.....25 - NXE-CP.2            ,                ,CP.2            ,PLT16*240,Q355    ,16,240,420,2,28,12.66,,,25.32,354.48,0.22,6.24,,45024,
           ,BG-1.....25 - NXE,BG-1.....25 - NXE-F.59            ,                ,F.59            ,PLT10*200,Q355    ,10,200,4407,2,28,69.19,138.38,1937.32,138.38,1937.32,1.86,51.94,,,
           ,BG-1.....25 - NXE,BG-1.....25 - NXE-R.1             ,                ,R.1             ,PLT6*100,Q355    ,6,100,100,2,28,0.31,,,0.62,8.68,0.02,0.43,,,
           ,BG-1.....25 - NXE,BG-1.....25 - NXE-W.39            ,                ,W.39            ,PLT6*280,Q355    ,6,280,4407,1,14,58.12,58.12,813.68,58.12,813.68,2.52,35.34,246792,,
84,BG-1.....25 - NXE,BG-1.....25 - NXE-SG.3.3          ,BEAM            ,SG.3.3          ,H300*200*6*10,Q355    ,,          ,4890,       ,28,             ,217.32,6084.96,230.29,6448.12,5.08,199.68,,45024,
           ,BG-1.....25 - NXE,BG-1.....25 - NXE-CP.2            ,                ,CP.2            ,PLT16*240,Q355    ,16,240,420,1,28,12.66,,,12.66,354.48,0.22,6.24,,45024,
           ,BG-1.....25 - NXE,BG-1.....25 - NXE-F.53            ,                ,F.53            ,PLT10*200,Q355    ,10,200,4874,2,56,76.52,153.04,4285.12,153.04,4285.12,2.05,114.86,,,
           ,BG-1.....25 - NXE,BG-1.....25 - NXE-R.1             ,                ,R.1             ,PLT6*100,Q355    ,6,100,100,1,28,0.31,,,0.31,8.68,0.02,0.43,,,
           ,BG-1.....25 - NXE,BG-1.....25 - NXE-W.33            ,                ,W.33            ,PLT6*280,Q355    ,6,280,4874,1,28,64.28,64.28,1799.84,64.28,1799.84,2.79,78.16,545888,,
85,BG-1.....25 - NXE,BG-1.....25 - NXE-SG.3.4          ,BEAM            ,SG.3.4          ,H300*200*6*10,Q355    ,,          ,1699,       ,3,             ,74.38,223.14,108.13,324.39,2.2,9.44,,21820.8,
           ,BG-1.....25 - NXE,BG-1.....25 - NXE-CP.2            ,                ,CP.2            ,PLT16*240,Q355    ,16,240,420,2,6,12.66,,,25.32,75.96,0.22,1.34,,9648,
           ,BG-1.....25 - NXE,BG-1.....25 - NXE-F.65            ,                ,F.65            ,PLT10*200,Q355    ,10,200,1667,2,6,26.19,52.38,157.14,52.38,157.14,0.7,4.23,,,
           ,BG-1.....25 - NXE,BG-1.....25 - NXE-GP.5            ,                ,GP.5            ,PLT8*187,Q355    ,8,187,280,1,3,3.09,,,3.09,9.27,0.11,0.32,,3475.2,
           ,BG-1.....25 - NXE,BG-1.....25 - NXE-GP.11           ,                ,GP.11           ,PLT6*187,Q355    ,6,187,280,1,3,1.89,,,1.89,5.67,0.09,0.26,,3475.2,
           ,BG-1.....25 - NXE,BG-1.....25 - NXE-R.1             ,                ,R.1             ,PLT6*100,Q355    ,6,100,100,2,6,0.31,,,0.62,1.86,0.02,0.09,,,
           ,BG-1.....25 - NXE,BG-1.....25 - NXE-S.8             ,                ,S.8             ,PLT8*97,Q355    ,8,97,280,1,3,1.62,,,1.62,4.86,0.06,0.17,,2611.2,
           ,BG-1.....25 - NXE,BG-1.....25 - NXE-S.10            ,                ,S.10            ,PLT6*97,Q355    ,6,97,280,1,3,1.21,,,1.21,3.63,0.06,0.17,,2611.2,
           ,BG-1.....25 - NXE,BG-1.....25 - NXE-W.43            ,                ,W.43            ,PLT6*280,Q355    ,6,280,1667,1,3,22,22,66,22,66,0.96,2.87,20004,,
86,BG-1.....25 - NXE,BG-1.....25 - NXE-SG.3.5          ,BEAM            ,SG.3.5          ,H300*200*6*10,Q355    ,,          ,2190,       ,1,             ,96.22,96.22,126.75,126.75,2.77,3.69,,5242.8,
           ,BG-1.....25 - NXE,BG-1.....25 - NXE-CP.1            ,                ,CP.1            ,PLT16*240,Q355    ,16,240,420,1,1,12.66,,,12.66,12.66,0.22,0.22,,1608,
           ,BG-1.....25 - NXE,BG-1.....25 - NXE-CP.2            ,                ,CP.2            ,PLT16*240,Q355    ,16,240,420,1,1,12.66,,,12.66,12.66,0.22,0.22,,1608,
           ,BG-1.....25 - NXE,BG-1.....25 - NXE-F.58            ,                ,F.58            ,PLT10*200,Q355    ,10,200,2158,2,2,33.88,67.76,67.76,67.76,67.76,0.91,1.82,,,
           ,BG-1.....25 - NXE,BG-1.....25 - NXE-GP.8            ,                ,GP.8            ,PLT8*187,Q355    ,8,187,279,1,1,2.97,,,2.97,2.97,0.1,0.1,,1156.4,
           ,BG-1.....25 - NXE,BG-1.....25 - NXE-R.1             ,                ,R.1             ,PLT6*100,Q355    ,6,100,100,2,2,0.31,,,0.62,0.62,0.02,0.03,,,
           ,BG-1.....25 - NXE,BG-1.....25 - NXE-S.8             ,                ,S.8             ,PLT8*97,Q355    ,8,97,280,1,1,1.62,,,1.62,1.62,0.06,0.06,,870.4,
           ,BG-1.....25 - NXE,BG-1.....25 - NXE-W.38            ,                ,W.38            ,PLT6*280,Q355    ,6,280,2158,1,1,28.46,28.46,28.46,28.46,28.46,1.24,1.24,8632,,
87,BG-1.....25 - NXE,BG-1.....25 - NXE-SG.3.6          ,BEAM            ,SG.3.6          ,H300*200*6*10,Q355    ,,          ,1699,       ,3,             ,74.38,223.14,108.13,324.39,2.2,9.44,,21820.8,
           ,BG-1.....25 - NXE,BG-1.....25 - NXE-CP.2            ,                ,CP.2            ,PLT16*240,Q355    ,16,240,420,2,6,12.66,,,25.32,75.96,0.22,1.34,,9648,
           ,BG-1.....25 - NXE,BG-1.....25 - NXE-F.65            ,                ,F.65            ,PLT10*200,Q355    ,10,200,1667,2,6,26.19,52.38,157.14,52.38,157.14,0.7,4.23,,,
           ,BG-1.....25 - NXE,BG-1.....25 - NXE-GP.5            ,                ,GP.5            ,PLT8*187,Q355    ,8,187,280,1,3,3.09,,,3.09,9.27,0.11,0.32,,3475.2,
           ,BG-1.....25 - NXE,BG-1.....25 - NXE-GP.11           ,                ,GP.11           ,PLT6*187,Q355    ,6,187,280,1,3,1.89,,,1.89,5.67,0.09,0.26,,3475.2,
           ,BG-1.....25 - NXE,BG-1.....25 - NXE-R.1             ,                ,R.1             ,PLT6*100,Q355    ,6,100,100,2,6,0.31,,,0.62,1.86,0.02,0.09,,,
           ,BG-1.....25 - NXE,BG-1.....25 - NXE-S.8             ,                ,S.8             ,PLT8*97,Q355    ,8,97,280,1,3,1.62,,,1.62,4.86,0.06,0.17,,2611.2,
           ,BG-1.....25 - NXE,BG-1.....25 - NXE-S.10            ,                ,S.10            ,PLT6*97,Q355    ,6,97,280,1,3,1.21,,,1.21,3.63,0.06,0.17,,2611.2,
           ,BG-1.....25 - NXE,BG-1.....25 - NXE-W.43            ,                ,W.43            ,PLT6*280,Q355    ,6,280,1667,1,3,22,22,66,22,66,0.96,2.87,20004,,
88,BG-1.....25 - NXE,BG-1.....25 - NXE-SG.3.7          ,BEAM            ,SG.3.7          ,H300*200*6*10,Q355    ,,          ,2190,       ,1,             ,96.22,96.22,126.75,126.75,2.77,3.69,,5244.8,
           ,BG-1.....25 - NXE,BG-1.....25 - NXE-CP.1            ,                ,CP.1            ,PLT16*240,Q355    ,16,240,420,1,1,12.66,,,12.66,12.66,0.22,0.22,,1608,
           ,BG-1.....25 - NXE,BG-1.....25 - NXE-CP.2            ,                ,CP.2            ,PLT16*240,Q355    ,16,240,420,1,1,12.66,,,12.66,12.66,0.22,0.22,,1608,
           ,BG-1.....25 - NXE,BG-1.....25 - NXE-F.58            ,                ,F.58            ,PLT10*200,Q355    ,10,200,2158,2,2,33.88,67.76,67.76,67.76,67.76,0.91,1.82,,,
           ,BG-1.....25 - NXE,BG-1.....25 - NXE-GP.9            ,                ,GP.9            ,PLT8*187,Q355    ,8,187,280,1,1,2.97,,,2.97,2.97,0.1,0.1,,1158.4,
           ,BG-1.....25 - NXE,BG-1.....25 - NXE-R.1             ,                ,R.1             ,PLT6*100,Q355    ,6,100,100,2,2,0.31,,,0.62,0.62,0.02,0.03,,,
           ,BG-1.....25 - NXE,BG-1.....25 - NXE-S.8             ,                ,S.8             ,PLT8*97,Q355    ,8,97,280,1,1,1.62,,,1.62,1.62,0.06,0.06,,870.4,
           ,BG-1.....25 - NXE,BG-1.....25 - NXE-W.38            ,                ,W.38            ,PLT6*280,Q355    ,6,280,2158,1,1,28.46,28.46,28.46,28.46,28.46,1.24,1.24,8632,,
89,BG-1.....25 - NXE,BG-1.....25 - NXE-SG.3.8          ,BEAM            ,SG.3.8          ,H300*200*6*10,Q355    ,,          ,2194,       ,2,             ,96.31,192.62,122.25,244.5,2.39,7.07,,6432,
           ,BG-1.....25 - NXE,BG-1.....25 - NXE-CP.2            ,                ,CP.2            ,PLT16*240,Q355    ,16,240,420,2,4,12.66,,,25.32,50.64,0.22,0.89,,6432,
           ,BG-1.....25 - NXE,BG-1.....25 - NXE-F.8             ,                ,F.8             ,PLT10*200,Q355    ,10,200,2160,2,4,33.91,67.82,135.64,67.82,135.64,0.91,3.64,,,
           ,BG-1.....25 - NXE,BG-1.....25 - NXE-R.1             ,                ,R.1             ,PLT6*100,Q355    ,6,100,100,2,4,0.31,,,0.62,1.24,0.02,0.06,,,
           ,BG-1.....25 - NXE,BG-1.....25 - NXE-W.6             ,                ,W.6             ,PLT6*280,Q355    ,6,280,2161,1,2,28.49,28.49,56.98,28.49,56.98,1.24,2.48,17288,,
90,BG-1.....25 - NXE,BG-1.....25 - NXE-SG.3.9          ,BEAM            ,SG.3.9          ,H300*200*6*10,Q355    ,,          ,2190,       ,1,             ,96.22,96.22,126.75,126.75,2.77,3.69,,5242.8,
           ,BG-1.....25 - NXE,BG-1.....25 - NXE-CP.1            ,                ,CP.1            ,PLT16*240,Q355    ,16,240,420,1,1,12.66,,,12.66,12.66,0.22,0.22,,1608,
           ,BG-1.....25 - NXE,BG-1.....25 - NXE-CP.2            ,                ,CP.2            ,PLT16*240,Q355    ,16,240,420,1,1,12.66,,,12.66,12.66,0.22,0.22,,1608,
           ,BG-1.....25 - NXE,BG-1.....25 - NXE-F.58            ,                ,F.58            ,PLT10*200,Q355    ,10,200,2158,2,2,33.88,67.76,67.76,67.76,67.76,0.91,1.82,,,
           ,BG-1.....25 - NXE,BG-1.....25 - NXE-GP.8            ,                ,GP.8            ,PLT8*187,Q355    ,8,187,279,1,1,2.97,,,2.97,2.97,0.1,0.1,,1156.4,
           ,BG-1.....25 - NXE,BG-1.....25 - NXE-R.1             ,                ,R.1             ,PLT6*100,Q355    ,6,100,100,2,2,0.31,,,0.62,0.62,0.02,0.03,,,
           ,BG-1.....25 - NXE,BG-1.....25 - NXE-S.8             ,                ,S.8             ,PLT8*97,Q355    ,8,97,280,1,1,1.62,,,1.62,1.62,0.06,0.06,,870.4,
           ,BG-1.....25 - NXE,BG-1.....25 - NXE-W.38            ,                ,W.38            ,PLT6*280,Q355    ,6,280,2158,1,1,28.46,28.46,28.46,28.46,28.46,1.24,1.24,8632,,
91,BG-1.....25 - NXE,BG-1.....25 - NXE-SG.3.10         ,BEAM            ,SG.3.10         ,H300*200*6*10,Q355    ,,          ,2190,       ,1,             ,96.22,96.22,126.75,126.75,2.77,3.69,,5244.8,
           ,BG-1.....25 - NXE,BG-1.....25 - NXE-CP.1            ,                ,CP.1            ,PLT16*240,Q355    ,16,240,420,1,1,12.66,,,12.66,12.66,0.22,0.22,,1608,
           ,BG-1.....25 - NXE,BG-1.....25 - NXE-CP.2            ,                ,CP.2            ,PLT16*240,Q355    ,16,240,420,1,1,12.66,,,12.66,12.66,0.22,0.22,,1608,
           ,BG-1.....25 - NXE,BG-1.....25 - NXE-F.58            ,                ,F.58            ,PLT10*200,Q355    ,10,200,2158,2,2,33.88,67.76,67.76,67.76,67.76,0.91,1.82,,,
           ,BG-1.....25 - NXE,BG-1.....25 - NXE-GP.9            ,                ,GP.9            ,PLT8*187,Q355    ,8,187,280,1,1,2.97,,,2.97,2.97,0.1,0.1,,1158.4,
           ,BG-1.....25 - NXE,BG-1.....25 - NXE-R.1             ,                ,R.1             ,PLT6*100,Q355    ,6,100,100,2,2,0.31,,,0.62,0.62,0.02,0.03,,,
           ,BG-1.....25 - NXE,BG-1.....25 - NXE-S.8             ,                ,S.8             ,PLT8*97,Q355    ,8,97,280,1,1,1.62,,,1.62,1.62,0.06,0.06,,870.4,
           ,BG-1.....25 - NXE,BG-1.....25 - NXE-W.38            ,                ,W.38            ,PLT6*280,Q355    ,6,280,2158,1,1,28.46,28.46,28.46,28.46,28.46,1.24,1.24,8632,,
92,BG-1.....25 - NXE,BG-1.....25 - NXE-SG.3.13         ,BEAM            ,SG.3.13         ,H300*200*6*10,Q355    ,,          ,2191,       ,1,             ,96.31,96.31,126.84,126.84,2.77,3.7,,5242.8,
           ,BG-1.....25 - NXE,BG-1.....25 - NXE-CP.1            ,                ,CP.1            ,PLT16*240,Q355    ,16,240,420,1,1,12.66,,,12.66,12.66,0.22,0.22,,1608,
           ,BG-1.....25 - NXE,BG-1.....25 - NXE-CP.4            ,                ,CP.4            ,PLT16*240,Q355    ,16,240,420,1,1,12.66,,,12.66,12.66,0.22,0.22,,1608,
           ,BG-1.....25 - NXE,BG-1.....25 - NXE-F.58            ,                ,F.58            ,PLT10*200,Q355    ,10,200,2160,2,2,33.91,67.82,67.82,67.82,67.82,0.91,1.82,,,
           ,BG-1.....25 - NXE,BG-1.....25 - NXE-GP.8            ,                ,GP.8            ,PLT8*187,Q355    ,8,187,279,1,1,2.97,,,2.97,2.97,0.1,0.1,,1156.4,
           ,BG-1.....25 - NXE,BG-1.....25 - NXE-R.1             ,                ,R.1             ,PLT6*100,Q355    ,6,100,100,2,2,0.31,,,0.62,0.62,0.02,0.03,,,
           ,BG-1.....25 - NXE,BG-1.....25 - NXE-S.8             ,                ,S.8             ,PLT8*97,Q355    ,8,97,280,1,1,1.62,,,1.62,1.62,0.06,0.06,,870.4,
           ,BG-1.....25 - NXE,BG-1.....25 - NXE-W.38            ,                ,W.38            ,PLT6*280,Q355    ,6,280,2160,1,1,28.49,28.49,28.49,28.49,28.49,1.24,1.24,8640,,
93,BG-1.....25 - NXE,BG-1.....25 - NXE-SG.3.14         ,BEAM            ,SG.3.14         ,H300*200*6*10,Q355    ,,          ,2192,       ,1,             ,96.31,96.31,126.84,126.84,2.77,3.7,,5242.8,
           ,BG-1.....25 - NXE,BG-1.....25 - NXE-CP.1            ,                ,CP.1            ,PLT16*240,Q355    ,16,240,420,1,1,12.66,,,12.66,12.66,0.22,0.22,,1608,
           ,BG-1.....25 - NXE,BG-1.....25 - NXE-CP.4            ,                ,CP.4            ,PLT16*240,Q355    ,16,240,420,1,1,12.66,,,12.66,12.66,0.22,0.22,,1608,
           ,BG-1.....25 - NXE,BG-1.....25 - NXE-F.58            ,                ,F.58            ,PLT10*200,Q355    ,10,200,2160,2,2,33.91,67.82,67.82,67.82,67.82,0.91,1.82,,,
           ,BG-1.....25 - NXE,BG-1.....25 - NXE-GP.8            ,                ,GP.8            ,PLT8*187,Q355    ,8,187,279,1,1,2.97,,,2.97,2.97,0.1,0.1,,1156.4,
           ,BG-1.....25 - NXE,BG-1.....25 - NXE-R.1             ,                ,R.1             ,PLT6*100,Q355    ,6,100,100,2,2,0.31,,,0.62,0.62,0.02,0.03,,,
           ,BG-1.....25 - NXE,BG-1.....25 - NXE-S.8             ,                ,S.8             ,PLT8*97,Q355    ,8,97,280,1,1,1.62,,,1.62,1.62,0.06,0.06,,870.4,
           ,BG-1.....25 - NXE,BG-1.....25 - NXE-W.38            ,                ,W.38            ,PLT6*280,Q355    ,6,280,2160,1,1,28.49,28.49,28.49,28.49,28.49,1.24,1.24,8640,,
94,BG-1.....25 - NXE,BG-1.....25 - NXE-SG.4.1          ,BEAM            ,SG.4.1          ,H300*200*8*10,Q355    ,,          ,4399,       ,6,             ,213.97,1283.82,239.91,1439.46,4.6,40.04,,19296,
           ,BG-1.....25 - NXE,BG-1.....25 - NXE-CP.2            ,                ,CP.2            ,PLT16*240,Q355    ,16,240,420,2,12,12.66,,,25.32,151.92,0.22,2.67,,19296,
           ,BG-1.....25 - NXE,BG-1.....25 - NXE-F.48            ,                ,F.48            ,PLT10*200,Q355    ,10,200,4367,2,12,68.58,137.16,822.96,137.16,822.96,1.84,22.06,,,
           ,BG-1.....25 - NXE,BG-1.....25 - NXE-R.1             ,                ,R.1             ,PLT6*100,Q355    ,6,100,100,2,12,0.31,,,0.62,3.72,0.02,0.18,,,
           ,BG-1.....25 - NXE,BG-1.....25 - NXE-W.36            ,                ,W.36            ,PLT8*280,Q355    ,8,280,4367,1,6,76.81,76.81,460.86,76.81,460.86,2.52,15.12,104808,,
95,BG-1.....25 - NXE,BG-1.....25 - NXE-SG.5.1          ,BEAM            ,SG.5.1          ,H300*200*6*10,Q355    ,,          ,2190,       ,1,             ,96.22,96.22,129.45,129.45,2.81,3.75,,5417.6,
           ,BG-1.....25 - NXE,BG-1.....25 - NXE-CP.2            ,                ,CP.2            ,PLT16*240,Q355    ,16,240,420,1,1,12.66,,,12.66,12.66,0.22,0.22,,1608,
           ,BG-1.....25 - NXE,BG-1.....25 - NXE-CP.7            ,                ,CP.7            ,PLT16*240,Q355    ,16,240,500,1,1,15.07,,,15.07,15.07,0.26,0.26,,1768,
           ,BG-1.....25 - NXE,BG-1.....25 - NXE-F.58            ,                ,F.58            ,PLT10*200,Q355    ,10,200,2158,2,2,33.88,67.76,67.76,67.76,67.76,0.91,1.82,,,
           ,BG-1.....25 - NXE,BG-1.....25 - NXE-GP.6            ,                ,GP.6            ,PLT8*187,Q355    ,8,187,293,1,1,3.01,,,3.01,3.01,0.1,0.1,,1184.4,
           ,BG-1.....25 - NXE,BG-1.....25 - NXE-R.1             ,                ,R.1             ,PLT6*100,Q355    ,6,100,100,3,3,0.31,,,0.93,0.93,0.02,0.05,,,
           ,BG-1.....25 - NXE,BG-1.....25 - NXE-S.9             ,                ,S.9             ,PLT8*96,Q355    ,8,96,275,1,1,1.56,,,1.56,1.56,0.06,0.06,,857.2,
           ,BG-1.....25 - NXE,BG-1.....25 - NXE-W.38            ,                ,W.38            ,PLT6*280,Q355    ,6,280,2158,1,1,28.46,28.46,28.46,28.46,28.46,1.24,1.24,8632,,
96,BG-1.....25 - NXE,BG-1.....25 - NXE-SG.5.2          ,BEAM            ,SG.5.2          ,H300*200*6*10,Q355    ,,          ,2190,       ,5,             ,96.274,481.37,130.82,654.37,2.85,18.98,,28544,
           ,BG-1.....25 - NXE,BG-1.....25 - NXE-CP.2            ,                ,CP.2            ,PLT16*240,Q355    ,16,240,420,1,5,12.66,,,12.66,63.3,0.22,1.11,,8040,
           ,BG-1.....25 - NXE,BG-1.....25 - NXE-CP.7            ,                ,CP.7            ,PLT16*240,Q355    ,16,240,500,1,5,15.07,,,15.07,75.35,0.26,1.32,,8840,
           ,BG-1.....25 - NXE,BG-1.....25 - NXE-F.58            ,                ,F.58            ,PLT10*200,Q355    ,10,200,2158,2,10,33.88,67.76,338.98,67.76,338.98,0.91,9.11,,,
           ,BG-1.....25 - NXE,BG-1.....25 - NXE-GP.6            ,                ,GP.6            ,PLT8*187,Q355    ,8,187,293,1,5,3.01,,,3.01,15.05,0.1,0.52,,5922,
           ,BG-1.....25 - NXE,BG-1.....25 - NXE-GP.7            ,                ,GP.7            ,PLT8*187,Q355    ,8,187,275,1,5,2.93,,,2.93,14.65,0.1,0.5,,5742,
           ,BG-1.....25 - NXE,BG-1.....25 - NXE-R.1             ,                ,R.1             ,PLT6*100,Q355    ,6,100,100,3,15,0.31,,,0.93,4.65,0.02,0.23,,,
           ,BG-1.....25 - NXE,BG-1.....25 - NXE-W.38            ,                ,W.38            ,PLT6*280,Q355    ,6,280,2158,1,5,28.46,28.46,142.39,28.46,142.39,1.24,6.19,43160,,
97,BG-1.....25 - NXE,BG-1.....25 - NXE-SG.5.3          ,BEAM            ,SG.5.3          ,H300*200*6*10,Q355    ,,          ,2190,       ,5,             ,96.274,481.37,130.82,654.37,2.85,18.98,,28544,
           ,BG-1.....25 - NXE,BG-1.....25 - NXE-CP.2            ,                ,CP.2            ,PLT16*240,Q355    ,16,240,420,1,5,12.66,,,12.66,63.3,0.22,1.11,,8040,
           ,BG-1.....25 - NXE,BG-1.....25 - NXE-CP.7            ,                ,CP.7            ,PLT16*240,Q355    ,16,240,500,1,5,15.07,,,15.07,75.35,0.26,1.32,,8840,
           ,BG-1.....25 - NXE,BG-1.....25 - NXE-F.58            ,                ,F.58            ,PLT10*200,Q355    ,10,200,2158,2,10,33.88,67.76,338.98,67.76,338.98,0.91,9.11,,,
           ,BG-1.....25 - NXE,BG-1.....25 - NXE-GP.6            ,                ,GP.6            ,PLT8*187,Q355    ,8,187,293,1,5,3.01,,,3.01,15.05,0.1,0.52,,5922,
           ,BG-1.....25 - NXE,BG-1.....25 - NXE-GP.7            ,                ,GP.7            ,PLT8*187,Q355    ,8,187,275,1,5,2.93,,,2.93,14.65,0.1,0.5,,5742,
           ,BG-1.....25 - NXE,BG-1.....25 - NXE-R.1             ,                ,R.1             ,PLT6*100,Q355    ,6,100,100,3,15,0.31,,,0.93,4.65,0.02,0.23,,,
           ,BG-1.....25 - NXE,BG-1.....25 - NXE-W.38            ,                ,W.38            ,PLT6*280,Q355    ,6,280,2158,1,5,28.46,28.46,142.39,28.46,142.39,1.24,6.19,43160,,
98,BG-1.....25 - NXE,BG-1.....25 - NXE-SG.5.4          ,BEAM            ,SG.5.4          ,H300*200*6*10,Q355    ,,          ,2190,       ,1,             ,96.22,96.22,129.45,129.45,2.81,3.75,,14368.0112,
           ,BG-1.....25 - NXE,BG-1.....25 - NXE-CP.2            ,                ,CP.2            ,PLT16*240,Q355    ,16,240,420,1,1,12.66,,,12.66,12.66,0.22,0.22,,1608,
           ,BG-1.....25 - NXE,BG-1.....25 - NXE-CP.7            ,                ,CP.7            ,PLT16*240,Q355    ,16,240,500,1,1,15.07,,,15.07,15.07,0.26,0.26,,1768,
           ,BG-1.....25 - NXE,BG-1.....25 - NXE-F.58            ,                ,F.58            ,PLT10*200,Q355    ,10,200,2158,2,2,33.88,67.76,67.76,67.76,67.76,0.91,1.82,,,
           ,BG-1.....25 - NXE,BG-1.....25 - NXE-GP.6            ,                ,GP.6            ,PLT8*187,Q355    ,8,187,293,1,1,3.01,,,3.01,3.01,0.1,0.1,,1184.4,
           ,BG-1.....25 - NXE,BG-1.....25 - NXE-R.1             ,                ,R.1             ,PLT6*100,Q355    ,6,100,100,3,3,0.31,,,0.93,0.93,0.02,0.05,,,
           ,BG-1.....25 - NXE,BG-1.....25 - NXE-S.9             ,                ,S.9             ,PLT8*96,Q355    ,8,96,275,1,1,1.56,,,1.56,1.56,0.06,0.06,,857.2,
           ,BG-1.....25 - NXE,BG-1.....25 - NXE-W.38            ,                ,W.38            ,PLT6*280,Q355    ,6,280,2158,1,1,28.46,28.46,28.46,28.46,28.46,1.24,1.24,8632,,
0,,,,,,,,,,,,,,,,,,,,,
,,,,,,,,,,,,,,,,,,,,,
,,,,,,,,,,,,,,,,,,,,,
,,,,,,,,,,,,,,,,,,,,,
,,,,,,,,,,,,,,,,,,,,,
,,,,,,,,,,,,,,,,,,,,,
,,,,,,,,,,,,,,,,,,,,,
,,,,,,,,,,,,,,,,,,,,,
TH,BILL OF MATERIAL - ASS,,,,,,,,,,,,,164955.3,,191329.7,,,14359.8,8964.8,
99,BG-1.....25 - NXE,BG-1.....25 - NXE-D18.1           ,Cấp rời,D18.1           ,D18,SS400   ,D18,,6460,       ,4,             ,,,12.92,51.68,          ,,,,
100,BG-1.....25 - NXE,BG-1.....25 - NXE-D18.2           ,Cấp rời,D18.2           ,D18,SS400   ,D18,,6659,       ,8,             ,,,13.32,106.56,          ,,,,
101,BG-1.....25 - NXE,BG-1.....25 - NXE-D18.3           ,Cấp rời,D18.3           ,D18,SS400   ,D18,,6740,       ,12,             ,,,13.48,161.76,          ,,,,
102,BG-1.....25 - NXE,BG-1.....25 - NXE-D18.4           ,Cấp rời,D18.4           ,D18,SS400   ,D18,,7035,       ,4,             ,,,14.07,56.28,          ,,,,
103,BG-1.....25 - NXE,BG-1.....25 - NXE-D18.5           ,Cấp rời,D18.5           ,D18,SS400   ,D18,,6285,       ,4,             ,,,12.57,50.28,          ,,,,
104,BG-1.....25 - NXE,BG-1.....25 - NXE-D18.6           ,Cấp rời,D18.6           ,D18,SS400   ,D18,,6395,       ,4,             ,,,12.79,51.16,          ,,,,
105,BG-1.....25 - NXE,BG-1.....25 - NXE-BR1.1           ,Cấp rời,BR1.1           ,H200*100*5.5*8,SS400   ,H200*100*5.5*8,,5380,       ,66,             ,,,112.44,7421.04,          ,280.16,,,
106,BG-1.....25 - NXE,BG-1.....25 - NXE-BR1.2           ,Cấp rời,BR1.2           ,H200*100*5.5*8,SS400   ,H200*100*5.5*8,,5359,       ,6,             ,,,112.02,672.12,          ,25.37,,,
107,BG-1.....25 - NXE,BG-1.....25 - NXE-AST.1           ,Cấp rời,AST.1           ,L50*5,SS400   ,L50*5,,820,       ,446,             ,,,3.09,1378.3,          ,71.7,,,
108,BG-1.....25 - NXE,BG-1.....25 - NXE-plt50,Cấp rời,PLT5,PLT50*50,Q345    ,5,50,50,       ,72,             ,,,0.12,8.64,          ,0.45,,,
109,BG-1.....25 - NXE,BG-1.....25 - NXE-SA.1            ,Cấp rời,SA.1            ,ROD12,Q235B   ,ROD12,,1274,       ,204,             ,,,1.02,208.08,          ,,,,
110,BG-1.....25 - NXE,BG-1.....25 - NXE-Z1.1            ,Cấp rời,Z1.1            ,Z200*62*68*20*1.8,SS400   ,Z200*62*68*20*1.8,,6000,       ,11,             ,,,30.78,338.58,          ,,,,
111,BG-1.....25 - NXE,BG-1.....25 - NXE-Z1.2            ,Cấp rời,Z1.2            ,Z200*62*68*20*1.8,SS400   ,Z200*62*68*20*1.8,,6200,       ,195,             ,,,31.81,6202.95,          ,,,,
112,BG-1.....25 - NXE,BG-1.....25 - NXE-Z1.3            ,Cấp rời,Z1.3            ,Z200*62*68*20*1.8,SS400   ,Z200*62*68*20*1.8,,5679,       ,6,             ,,,29.14,174.84,          ,,,,
113,BG-1.....25 - NXE,BG-1.....25 - NXE-Z1.4            ,Cấp rời,Z1.4            ,Z200*62*68*20*1.8,SS400   ,Z200*62*68*20*1.8,,5680,       ,6,             ,,,29.14,174.84,          ,,,,
114,BG-1.....25 - NXE,BG-1.....25 - NXE-Z1.5            ,Cấp rời,Z1.5            ,Z200*62*68*20*1.8,SS400   ,Z200*62*68*20*1.8,,6000,       ,11,             ,,,30.78,338.58,          ,,,,
,,,,,,,,,,,,,,,,,,,,,
,,,,,,,,,,,,,,,,,,,,,
,,,,,,,,,,,,,,,,,,,,,
,,,,,,,,,,,,,,,,,,,,,
TH,BILL OF MATERIAL - Cấp rời,,,,,,,,,,,,,0.0,,17395.7,,,,,208725.3
A,,,      ,,,Material,PLATE                         ,,,,,,,164955.3,,190324.4,,5546.0,14359.8,4477.9,
     ,,,      ,                ,,Q355    ,5.00,,,,,,,0.0,,8.6,,0.5,0.0,0.0,
     ,,,      ,                ,,Q355    ,6.00,,,,,,,33942.5,,36138.2,,1577.9,"9,945.5","1,102.5",
     ,,,      ,                ,,Q355    ,8.00,,,,,,,22919.2,,24219.6,,803.8,"4,414.3",490.4,
     ,,,      ,                ,,Q355    ,10.00,,,,,,,78033.8,,78586.2,,2111.2,0.0,298.0,
     ,,,      ,                ,,Q355    ,12.00,,,,,,,30059.9,,30306.3,,683.3,0.0,0.0,
     ,,,      ,                ,,Q355    ,16.00,,,,,,,0.0,,21065.5,,369.5,0.0,"2,587.1",
,,,,,,,,,,,,,,0.0,,,,,,,
,,,,,,,,,,,,,,0.0,,,,,,,
,,,,,,,,,,,,,,0.0,,,,,,,
,,,,,,,,,,,,,,0.0,,,,,,,
B,,,      ,,,Material,ROLL                          ,,Unit,Note,,,,0.0,,18400.9,,405.2,,,
     ,,,      ,                ,,SS400   ,D18,,,,,,,0.0,,477.7,,0.0,,,
     ,,,      ,                ,,SS400   ,D20,,,,,,,0.0,,722.2,,18.5,,,
     ,,,      ,                ,,SS400   ,H200*100*5.5*8,,,,,,,0.0,,8093.2,,305.5,,,
     ,,,      ,                ,,SS400   ,L100*6,,,,,,,0.0,,84.4,,3.5,,,
,,,,,,SS400   ,L50*5,,,,,,,0.0,,1378.3,,71.7,,,
,,,,,,SS400   ,ROD12,,,,,,,0.0,,208.1,,0.0,,,
,,,,,,,STUD BOLT D19,,,,,,,0.0,,207.4,,5.9,,,
,,,,,,SS400   ,Z200*62*68*20*1.8,,,,,,,0.0,,7229.8,,0.0,,,
,,,,,,,,,,,,,,0.0,,,,,,,
TOTAL,,,,,,   ,               ,  ,,,,,,164955.3,,208725.3,,,,,
,,,,,,,,,,,,,,,,,,,,,
